transaction_id,customer_id,product_id,transaction_date,quantity,discount_pct,payment_status,sales_channel,gross_revenue,discount_amount,net_revenue,estimated_cost,estimated_margin
T50000,C10210,P1150,2025-09-16,7,0.02,Paid,Partner,6680.52,133.61,6546.91,5676.3,870.61
T50001,C10456,P1176,2026-02-05,22,0.1,Paid,Direct,17844.42,1784.44,16059.98,5980.7,10079.28
T50002,C10751,P1215,2026-02-26,13,0.0,Paid,Direct,11863.15,0.0,11863.15,10315.76,1547.39
T50003,C10659,P1059,2026-01-05,23,0.02,Paid,Direct,46702.42,934.05,45768.37,25874.77,19893.6
T50004,C10114,P1237,2025-12-04,10,0.0,Paid,Partner,2471.2,0.0,2471.2,1812.9,658.3
T50005,C10879,P1205,2026-01-02,26,0.02,Failed,Direct,20910.5,418.21,20492.29,18183.1,2309.19
T50006,C10927,P1182,2025-05-07,11,0.02,Paid,Direct,19325.24,386.5,18938.74,10726.65,8212.09
T50007,C10477,P1292,2025-04-30,23,0.0,Paid,Partner,29980.27,0.0,29980.27,26069.81,3910.46
T50008,C10340,P1240,2026-06-24,25,0.02,Paid,Online,10054.75,201.1,9853.65,8743.25,1110.4
T50009,C10531,P1326,2025-12-03,13,0.05,Paid,Online,16037.97,801.9,15236.07,13946.01,1290.06
T50010,C10801,P1341,2026-05-15,20,0.05,Paid,Partner,38488.4,1924.42,36563.98,8631.2,27932.78
T50011,C10452,P1288,2025-12-29,4,0.0,Paid,Direct,5394.04,0.0,5394.04,1670.0,3724.04
T50012,C10030,P1104,2025-09-22,15,0.0,Pending,Partner,26913.3,0.0,26913.3,15499.05,11414.25
T50013,C10072,P1066,2025-11-27,11,0.02,Paid,Online,12301.41,246.03,12055.38,10696.84,1358.54
T50014,C10811,P1104,2026-02-06,28,0.1,Refunded,Direct,50238.16,5023.82,45214.34,28931.56,16282.78
T50015,C10787,P1249,2025-04-18,28,0.1,Paid,Direct,24428.32,2442.83,21985.49,21241.92,743.57
T50016,C10772,P1302,2025-09-26,23,0.0,Paid,Direct,20216.08,0.0,20216.08,17579.13,2636.95
T50017,C10126,P1308,2026-02-24,28,0.05,Paid,Online,43095.36,2154.77,40940.59,12182.52,28758.07
T50018,C10170,P1239,2025-02-20,29,0.05,Paid,Online,58974.11,2948.71,56025.4,3261.92,52763.48
T50019,C10394,P1238,2025-02-12,23,0.2,Failed,Partner,28689.74,5737.95,22951.79,24947.64,-1995.85
T50020,C10230,P1333,2025-04-03,18,0.0,Paid,Direct,16687.08,0.0,16687.08,11401.92,5285.16
T50021,C10386,P1240,2025-12-09,6,0.02,Paid,Online,2413.14,48.26,2364.88,2098.38,266.5
T50022,C10558,P1049,2025-05-19,24,0.05,Paid,Direct,45519.12,2275.96,43243.16,9619.68,33623.48
T50023,C10280,P1175,2025-09-11,6,0.0,Refunded,Direct,5313.78,0.0,5313.78,4620.66,693.12
T50024,C10123,P1125,2025-03-19,6,0.0,Paid,Partner,6572.1,0.0,6572.1,5714.88,857.22
T50025,C10402,P1222,2025-05-26,26,0.0,Paid,Partner,26889.72,0.0,26889.72,10680.8,16208.92
T50026,C10722,P1222,2025-01-11,4,0.02,Paid,Online,4136.88,82.74,4054.14,1643.2,2410.94
T50027,C10618,P1103,2026-04-14,5,0.05,Paid,Direct,6443.5,322.18,6121.32,5300.05,821.27
T50028,C10321,P1104,2025-09-28,15,0.05,Paid,Direct,26913.3,1345.66,25567.64,15499.05,10068.59
T50029,C10311,P1031,2025-04-13,17,0.0,Paid,Direct,12728.24,0.0,12728.24,3869.88,8858.36
T50030,C10583,P1102,2025-11-02,2,0.1,Pending,Direct,1483.66,148.37,1335.29,1290.14,45.15
T50031,C10172,P1289,2026-06-26,11,0.02,Paid,Online,9201.39,184.03,9017.36,8001.18,1016.18
T50032,C10833,P1229,2026-04-24,7,0.2,Paid,Direct,10854.76,2170.95,8683.81,8376.76,307.05
T50033,C10869,P1330,2026-05-29,9,0.0,Paid,Direct,10100.07,0.0,10100.07,8782.65,1317.42
T50034,C10025,P1324,2025-08-24,6,0.1,Paid,Direct,12727.08,1272.71,11454.37,3925.62,7528.75
T50035,C10970,P1299,2025-07-29,20,0.15,Paid,Partner,37286.0,5592.9,31693.1,7828.8,23864.3
T50036,C10023,P1062,2025-07-03,14,0.1,Pending,Online,15438.92,1543.89,13895.03,13425.16,469.87
T50037,C10458,P1116,2025-06-26,28,0.1,Paid,Direct,50170.12,5017.01,45153.11,3869.6,41283.51
T50038,C10667,P1020,2026-06-18,1,0.02,Paid,Direct,1068.9,21.38,1047.52,280.78,766.74
T50039,C10327,P1032,2025-03-21,23,0.05,Pending,Online,26562.7,1328.14,25234.56,19296.54,5938.02
T50040,C10203,P1080,2026-05-09,27,0.05,Paid,Partner,47333.97,2366.7,44967.27,24719.58,20247.69
T50041,C10047,P1098,2026-06-16,15,0.02,Paid,Direct,16548.0,330.96,16217.04,11131.2,5085.84
T50042,C10727,P1005,2026-05-05,21,0.2,Paid,Direct,32753.91,6550.78,26203.13,22631.49,3571.64
T50043,C10036,P1294,2025-12-30,13,0.0,Paid,Online,9707.88,0.0,9707.88,8441.68,1266.2
T50044,C10484,P1184,2026-05-12,18,0.02,Paid,Partner,20273.94,405.48,19868.46,13527.72,6340.74
T50045,C10392,P1229,2025-01-19,27,0.15,Paid,Direct,41868.36,6280.25,35588.11,32310.36,3277.75
T50046,C10967,P1228,2026-04-20,16,0.0,Pending,Direct,18139.52,0.0,18139.52,3261.76,14877.76
T50047,C10930,P1338,2025-10-24,17,0.0,Paid,Direct,22412.12,0.0,22412.12,6702.76,15709.36
T50048,C10817,P1051,2026-07-10,29,0.0,Failed,Direct,58422.82,0.0,58422.82,3127.36,55295.46
T50049,C10730,P1119,2025-02-19,15,0.1,Paid,Direct,21373.35,2137.34,19236.01,15372.0,3864.01
T50050,C10542,P1107,2026-06-24,6,0.1,Failed,Direct,2381.52,238.15,2143.37,2070.9,72.47
T50051,C10349,P1193,2025-11-29,20,0.0,Paid,Direct,29769.8,0.0,29769.8,9073.4,20696.4
T50052,C10166,P1184,2025-03-02,21,0.05,Failed,Direct,23652.93,1182.65,22470.28,15782.34,6687.94
T50053,C10968,P1276,2025-10-23,7,0.05,Pending,Direct,8615.46,430.77,8184.69,7491.68,693.01
T50054,C10384,P1196,2025-01-22,22,0.05,Refunded,Direct,22826.98,1141.35,21685.63,8426.0,13259.63
T50055,C10428,P1081,2025-02-18,2,0.05,Paid,Partner,3853.88,192.69,3661.19,1989.12,1672.07
T50056,C10141,P1197,2025-11-05,10,0.2,Paid,Direct,5610.8,1122.16,4488.64,4879.0,-390.36
T50057,C10276,P1337,2026-04-19,25,0.0,Paid,Online,43876.75,0.0,43876.75,3556.0,40320.75
T50058,C10634,P1202,2025-03-04,18,0.0,Paid,Online,11808.36,0.0,11808.36,10268.1,1540.26
T50059,C10426,P1207,2025-06-02,18,0.05,Paid,Online,19746.54,987.33,18759.21,17170.92,1588.29
T50060,C10585,P1061,2025-08-15,19,0.02,Failed,Direct,13185.81,263.72,12922.09,11465.93,1456.16
T50061,C10211,P1002,2025-11-11,5,0.02,Paid,Direct,10953.5,219.07,10734.43,5957.3,4777.13
T50062,C10082,P1073,2025-01-01,28,0.0,Pending,Partner,60555.6,0.0,60555.6,13974.52,46581.08
T50063,C10885,P1008,2026-01-06,9,0.0,Paid,Direct,13174.38,0.0,13174.38,3904.56,9269.82
T50064,C10432,P1158,2025-10-16,23,0.15,Pending,Direct,27614.03,4142.1,23471.93,24012.23,-540.3
T50065,C10361,P1308,2026-07-13,29,0.0,Failed,Direct,44634.48,0.0,44634.48,12617.61,32016.87
T50066,C10286,P1156,2025-06-24,7,0.05,Paid,Partner,3948.42,197.42,3751.0,2146.83,1604.17
T50067,C10657,P1225,2025-10-14,19,0.1,Paid,Partner,12990.49,1299.05,11691.44,7945.04,3746.4
T50068,C10563,P1299,2025-02-17,2,0.0,Paid,Direct,3728.6,0.0,3728.6,782.88,2945.72
T50069,C10389,P1267,2026-06-17,19,0.0,Pending,Online,19725.8,0.0,19725.8,17152.82,2572.98
T50070,C10930,P1227,2026-04-29,13,0.02,Pending,Partner,14278.03,285.56,13992.47,12415.65,1576.82
T50071,C10901,P1274,2025-07-25,3,0.02,Paid,Direct,4804.77,96.1,4708.67,2310.81,2397.86
T50072,C10198,P1098,2025-09-25,20,0.0,Paid,Direct,22064.0,0.0,22064.0,14841.6,7222.4
T50073,C10642,P1147,2026-05-13,29,0.05,Paid,Direct,63656.16,3182.81,60473.35,12985.04,47488.31
T50074,C10968,P1139,2025-06-21,3,0.0,Paid,Online,2552.85,0.0,2552.85,1471.08,1081.77
T50075,C10488,P1279,2025-05-17,26,0.0,Pending,Partner,10617.1,0.0,10617.1,4750.98,5866.12
T50076,C10030,P1143,2025-05-21,25,0.0,Paid,Partner,18938.5,0.0,18938.5,10312.5,8626.0
T50077,C10132,P1328,2026-02-15,16,0.0,Failed,Partner,32332.64,0.0,32332.64,10305.12,22027.52
T50078,C10667,P1065,2025-05-03,27,0.02,Refunded,Direct,55384.83,1107.7,54277.13,27241.92,27035.21
T50079,C10901,P1060,2025-02-21,9,0.15,Failed,Online,12988.89,1948.33,11040.56,8827.92,2212.64
T50080,C10128,P1250,2025-04-06,21,0.0,Paid,Online,39887.61,0.0,39887.61,20530.86,19356.75
T50081,C10546,P1267,2026-07-26,21,0.02,Paid,Partner,21802.2,436.04,21366.16,18958.38,2407.78
T50082,C10496,P1237,2026-05-22,17,0.05,Pending,Direct,4201.04,210.05,3990.99,3081.93,909.06
T50083,C10285,P1107,2026-07-08,25,0.05,Paid,Direct,9923.0,496.15,9426.85,8628.75,798.1
T50084,C10631,P1003,2025-06-10,26,0.05,Refunded,Direct,45053.32,2252.67,42800.65,28045.68,14754.97
T50085,C10877,P1112,2025-09-14,23,0.0,Paid,Direct,37080.14,0.0,37080.14,11464.35,25615.79
T50086,C10239,P1163,2025-10-12,18,0.05,Paid,Partner,30447.36,1522.37,28924.99,3143.34,25781.65
T50087,C10054,P1144,2025-10-31,29,0.0,Refunded,Partner,38109.77,0.0,38109.77,33138.88,4970.89
T50088,C10359,P1322,2025-01-16,17,0.1,Pending,Online,26337.93,2633.79,23704.14,13279.21,10424.93
T50089,C10314,P1302,2025-12-13,19,0.0,Paid,Direct,16700.24,0.0,16700.24,14521.89,2178.35
T50090,C10727,P1271,2025-01-23,6,0.05,Paid,Direct,8127.0,406.35,7720.65,7066.98,653.67
T50091,C10536,P1007,2025-06-09,10,0.05,Paid,Direct,9450.8,472.54,8978.26,6611.2,2367.06
T50092,C10017,P1044,2025-06-19,27,0.05,Paid,Online,33912.81,1695.64,32217.17,14182.83,18034.34
T50093,C10339,P1151,2026-01-27,15,0.0,Paid,Partner,30395.4,0.0,30395.4,14713.8,15681.6
T50094,C10735,P1217,2026-06-04,15,0.05,Paid,Direct,28780.05,1439.0,27341.05,11082.75,16258.3
T50095,C10476,P1238,2026-02-10,24,0.05,Paid,Partner,29937.12,1496.86,28440.26,26032.32,2407.94
T50096,C10562,P1103,2025-09-10,10,0.02,Paid,Partner,12887.0,257.74,12629.26,10600.1,2029.16
T50097,C10264,P1038,2025-11-01,8,0.0,Paid,Direct,11656.48,0.0,11656.48,7844.96,3811.52
T50098,C10319,P1114,2025-10-25,1,0.0,Paid,Direct,1924.19,0.0,1924.19,193.87,1730.32
T50099,C10130,P1277,2025-03-27,7,0.0,Paid,Direct,13821.78,0.0,13821.78,6123.11,7698.67
T50100,C10081,P1345,2026-07-10,15,0.1,Paid,Direct,25115.7,2511.57,22604.13,15589.95,7014.18
T50101,C10036,P1329,2026-06-18,22,0.02,Paid,Partner,16766.64,335.33,16431.31,14579.62,1851.69
T50102,C10624,P1207,2025-05-20,10,0.05,Paid,Direct,10970.3,548.52,10421.78,9539.4,882.38
T50103,C10157,P1031,2025-03-08,13,0.05,Paid,Partner,9733.36,486.67,9246.69,2959.32,6287.37
T50104,C10573,P1338,2025-04-06,7,0.05,Paid,Partner,9228.52,461.43,8767.09,2759.96,6007.13
T50105,C10952,P1053,2025-12-31,24,0.05,Pending,Direct,45433.44,2271.67,43161.77,18961.2,24200.57
T50106,C10697,P1093,2025-01-18,16,0.05,Pending,Online,6462.88,323.14,6139.74,3349.6,2790.14
T50107,C10575,P1340,2025-03-01,5,0.02,Refunded,Direct,10015.75,200.32,9815.43,1368.75,8446.68
T50108,C10116,P1176,2026-01-12,18,0.0,Failed,Partner,14599.98,0.0,14599.98,4893.3,9706.68
T50109,C10488,P1069,2025-03-26,10,0.1,Paid,Direct,8725.5,872.55,7852.95,7587.4,265.55
T50110,C10891,P1175,2025-02-09,26,0.2,Pending,Partner,23026.38,4605.28,18421.1,20022.86,-1601.76
T50111,C10384,P1027,2025-01-12,8,0.02,Paid,Direct,5895.6,117.91,5777.69,5126.64,651.05
T50112,C10826,P1110,2026-02-14,26,0.15,Paid,Direct,16331.64,2449.75,13881.89,14201.46,-319.57
T50113,C10708,P1333,2025-07-30,21,0.2,Failed,Direct,19468.26,3893.65,15574.61,13302.24,2272.37
T50114,C10266,P1104,2025-06-14,4,0.02,Paid,Partner,7176.88,143.54,7033.34,4133.08,2900.26
T50115,C10141,P1312,2026-01-06,23,0.05,Paid,Partner,49818.23,2490.91,47327.32,7651.18,39676.14
T50116,C10016,P1190,2025-04-09,21,0.05,Paid,Partner,13254.57,662.73,12591.84,11525.64,1066.2
T50117,C10276,P1229,2025-10-30,14,0.0,Paid,Direct,21709.52,0.0,21709.52,16753.52,4956.0
T50118,C10332,P1246,2025-10-08,5,0.0,Paid,Partner,6584.4,0.0,6584.4,602.5,5981.9
T50119,C10655,P1193,2026-01-27,14,0.02,Pending,Partner,20838.86,416.78,20422.08,6351.38,14070.7
T50120,C10572,P1012,2025-12-28,18,0.1,Paid,Direct,8742.42,874.24,7868.18,3344.4,4523.78
T50121,C10479,P1321,2026-01-27,4,0.0,Paid,,3839.04,0.0,3839.04,2252.76,1586.28
T50122,C10722,P1166,2025-05-04,10,0.1,Paid,Direct,19888.4,1988.84,17899.56,11539.5,6360.06
T50123,C10770,P1229,2025-03-23,21,0.05,Paid,Partner,32564.28,1628.21,30936.07,25130.28,5805.79
T50124,C10713,P1193,2025-11-06,17,0.05,Paid,Direct,25304.33,1265.22,24039.11,7712.39,16326.72
T50125,C10897,P1230,2025-02-03,29,0.0,Paid,Direct,35507.6,0.0,35507.6,30876.3,4631.3
T50126,C10359,P1124,2025-09-21,7,0.02,Paid,Online,6436.64,128.73,6307.91,5597.06,710.85
T50127,C10823,P1295,2025-12-29,23,0.0,Paid,Online,14085.2,0.0,14085.2,12247.96,1837.24
T50128,C10420,P1078,2026-04-22,13,0.0,Paid,Direct,21156.59,0.0,21156.59,4648.54,16508.05
T50129,C10184,P1228,2026-01-14,7,0.0,Paid,Online,7936.04,0.0,7936.04,1427.02,6509.02
T50130,C10145,P1202,2026-07-31,28,0.0,Paid,Direct,18368.56,0.0,18368.56,15972.6,2395.96
T50131,C10091,P1176,2025-11-19,19,0.0,Paid,Online,15411.09,0.0,15411.09,5165.15,10245.94
T50132,C10955,P1007,2025-09-16,16,0.05,Paid,Direct,15121.28,756.06,14365.22,10577.92,3787.3
T50133,C10169,P1136,2025-05-23,9,0.02,Paid,Direct,17706.96,354.14,17352.82,4922.28,12430.54
T50134,C10835,P1016,2026-01-26,26,0.0,Paid,Online,33533.24,0.0,33533.24,9097.14,24436.1
T50135,C10783,P1176,2026-04-16,1,0.1,Paid,Direct,811.11,81.11,730.0,271.85,458.15
T50136,C10439,P1240,2025-07-06,4,0.02,Failed,Partner,1608.76,32.18,1576.58,1398.92,177.66
T50137,C10913,P1182,2025-02-13,6,0.15,Paid,Direct,10541.04,1581.16,8959.88,5850.9,3108.98
T50138,C10908,P1264,2025-01-07,19,0.05,Pending,Direct,26248.5,1312.43,24936.07,14926.59,10009.48
T50139,C10925,P1126,2026-01-02,3,0.0,Paid,Online,5958.15,0.0,5958.15,692.1,5266.05
T50140,C10496,P1107,2026-01-20,24,0.15,Paid,Direct,9526.08,1428.91,8097.17,8283.6,-186.43
T50141,C10298,P1156,2025-03-11,6,0.1,Pending,Online,3384.36,338.44,3045.92,1840.14,1205.78
T50142,C10043,P1080,2025-01-14,20,0.05,Paid,Online,35062.2,1753.11,33309.09,18310.8,14998.29
T50143,C10840,P1280,2026-01-15,24,0.02,Pending,Direct,10670.88,213.42,10457.46,6853.44,3604.02
T50144,C10872,P1283,2025-08-19,26,0.02,Pending,Direct,30938.7,618.77,30319.93,24912.42,5407.51
T50145,C10536,P1145,2025-08-31,9,0.02,Paid,Direct,11450.34,229.01,11221.33,9956.79,1264.54
T50146,C10070,P1277,2025-06-02,3,0.1,Refunded,Direct,5923.62,592.36,5331.26,2624.19,2707.07
T50147,C10822,P1008,2026-02-21,22,0.02,Failed,Direct,32204.04,644.08,31559.96,9544.48,22015.48
T50148,C10298,P1054,2026-03-08,14,0.0,Paid,Direct,11874.94,0.0,11874.94,2780.54,9094.4
T50149,C10548,P1099,2025-01-31,28,0.0,Paid,Partner,60332.44,0.0,60332.44,23587.2,36745.24
T50150,C10659,P1135,2025-02-21,6,0.0,Paid,Direct,4280.34,0.0,4280.34,3691.32,589.02
T50151,C10145,P1081,2025-11-18,17,0.0,Pending,Partner,32757.98,0.0,32757.98,16907.52,15850.46
T50152,C10062,P1179,2025-12-16,4,0.02,Failed,Direct,2922.64,58.45,2864.19,2407.6,456.59
T50153,C10079,P1277,2025-03-26,15,0.15,Pending,Direct,29618.1,4442.71,25175.39,13120.95,12054.44
T50154,C10959,P1159,2025-04-02,1,0.0,Paid,Direct,1450.81,0.0,1450.81,227.96,1222.85
T50155,C10957,P1157,2026-01-31,22,0.0,Paid,Direct,21711.8,0.0,21711.8,18879.74,2832.06
T50156,C10426,P1020,2025-09-21,18,0.0,Paid,Partner,19240.2,0.0,19240.2,5054.04,14186.16
T50157,C10425,P1098,2025-03-11,3,0.02,Paid,Direct,3309.6,66.19,3243.41,2226.24,1017.17
T50158,C10406,P1282,2025-12-20,15,0.05,Paid,Partner,10239.45,511.97,9727.48,8903.85,823.63
T50159,C10350,P1283,2025-02-12,13,0.02,Paid,Partner,15469.35,309.39,15159.96,12456.21,2703.75
T50160,C10543,P1036,2025-05-14,20,0.2,Paid,Direct,16809.6,3361.92,13447.68,14617.0,-1169.32
T50161,C10356,P1006,2026-02-18,15,0.2,Paid,Online,23941.2,4788.24,19152.96,16209.9,2943.06
T50162,C10616,P1290,2025-05-09,14,0.1,Paid,,27852.58,2785.26,25067.32,12092.5,12974.82
T50163,C10378,P1060,2025-02-06,25,0.1,Paid,Direct,36080.25,3608.02,32472.23,24522.0,7950.23
T50164,C10629,P1201,2026-07-11,16,0.02,Paid,Online,20763.68,415.27,20348.41,18055.36,2293.05
T50165,C10944,P1289,2025-05-11,24,0.05,Paid,Direct,20075.76,1003.79,19071.97,17457.12,1614.85
T50166,C10205,P1275,2025-10-26,26,0.02,Failed,Partner,43266.34,865.33,42401.01,3313.18,39087.83
T50167,C10062,P1192,2026-04-24,25,0.1,Paid,Direct,23913.75,2391.38,21522.37,20794.5,727.87
T50168,C10526,P1131,2026-07-29,28,0.0,Paid,Partner,53182.08,0.0,53182.08,14316.4,38865.68
T50169,C10119,P1270,2026-04-15,21,0.0,Paid,Partner,21133.35,0.0,21133.35,18376.89,2756.46
T50170,C10231,P1243,2025-07-16,17,0.0,Paid,Online,6405.43,0.0,6405.43,5133.83,1271.6
T50171,C10789,P1293,2026-05-11,16,0.05,Paid,Online,22794.72,1139.74,21654.98,3940.0,17714.98
T50172,C10417,P1179,2025-01-08,6,0.05,Paid,Direct,4383.96,219.2,4164.76,3611.4,553.36
T50173,C10549,P1329,2025-07-09,25,0.0,Paid,Partner,19053.0,0.0,19053.0,16567.75,2485.25
T50174,C10776,P1269,2025-04-26,21,0.02,Paid,Direct,9255.54,185.11,9070.43,8048.25,1022.18
T50175,C10128,P1022,2025-11-03,26,0.02,Paid,Direct,31679.44,633.59,31045.85,27547.26,3498.59
T50176,C10478,P1102,2026-06-02,21,0.1,Paid,Direct,15578.43,1557.84,14020.59,13546.47,474.12
T50177,C10034,P1279,2026-03-25,14,0.0,Paid,Online,5716.9,0.0,5716.9,2558.22,3158.68
T50178,C10499,P1040,2026-08-03,9,0.0,Paid,Partner,13715.28,0.0,13715.28,8168.94,5546.34
T50179,C10224,P1248,2025-03-21,29,0.05,Paid,Direct,54848.86,2742.44,52106.42,3997.94,48108.48
T50180,C10911,P1119,2026-03-13,22,0.05,Paid,Online,31347.58,1567.38,29780.2,22545.6,7234.6
T50181,C10260,P1072,2026-02-25,26,0.1,Paid,Partner,37679.98,3768.0,33911.98,14094.08,19817.9
T50182,C10200,P1188,2025-09-22,17,0.05,Paid,Direct,34004.08,1700.2,32303.88,3029.91,29273.97
T50183,C10014,P1326,2025-02-26,15,0.15,Paid,Direct,18505.35,2775.8,15729.55,16091.55,-362.0
T50184,C10133,P1314,2025-03-02,1,0.0,Paid,Partner,1204.9,0.0,1204.9,713.66,491.24
T50185,C10216,P1141,2026-06-14,3,0.02,Paid,Partner,5415.69,108.31,5307.38,1515.0,3792.38
T50186,C10228,P1001,2025-06-21,21,0.2,Paid,Direct,44410.38,8882.08,35528.3,11913.51,23614.79
T50187,C10738,P1310,2026-01-05,7,0.0,Paid,Direct,9185.54,0.0,9185.54,3840.27,5345.27
T50188,C10887,P1314,2026-07-03,3,0.1,Paid,Direct,3614.7,361.47,3253.23,2140.98,1112.25
T50189,C10855,P1211,2025-10-14,23,0.0,Paid,Direct,23378.81,0.0,23378.81,20329.47,3049.34
T50190,C10956,P1219,2025-05-02,18,0.02,Paid,Direct,21451.32,429.03,21022.29,1688.04,19334.25
T50191,C10898,P1184,2025-10-09,4,0.0,Paid,Direct,4505.32,0.0,4505.32,3006.16,1499.16
T50192,C10455,P1004,2025-05-14,15,0.05,Failed,Direct,15843.15,792.16,15050.99,13776.6,1274.39
T50193,C10389,P1055,2025-04-16,14,0.1,Paid,,16415.98,1641.6,14774.38,3320.52,11453.86
T50194,C10649,P1050,2026-04-16,1,0.0,Paid,Direct,1283.16,0.0,1283.16,1115.79,167.37
T50195,C10319,P1320,2025-07-20,18,0.0,Paid,Direct,35528.4,0.0,35528.4,12510.72,23017.68
T50196,C10603,P1017,2026-02-02,12,0.0,Paid,Direct,22441.08,0.0,22441.08,2609.88,19831.2
T50197,C10999,P1194,2026-02-26,26,0.0,Paid,Online,54820.22,0.0,54820.22,28240.42,26579.8
T50198,C10198,P1126,2025-11-15,4,0.02,Failed,Direct,7944.2,158.88,7785.32,922.8,6862.52
T50199,C10769,P1002,2025-11-10,25,0.2,Paid,Direct,54767.5,10953.5,43814.0,29786.5,14027.5
T50200,C10935,P1321,2025-04-15,1,0.0,Paid,Direct,959.76,0.0,959.76,563.19,396.57
T50201,C10537,P1006,2025-11-03,23,0.02,Paid,Partner,36709.84,734.2,35975.64,24855.18,11120.46
T50202,C10356,P1299,2026-03-12,23,0.02,Failed,Direct,42878.9,857.58,42021.32,9003.12,33018.2
T50203,C10254,P1272,2025-04-24,12,0.0,Refunded,Direct,10556.04,0.0,10556.04,9179.16,1376.88
T50204,C10167,P1277,2025-05-15,9,0.0,Pending,Online,17770.86,0.0,17770.86,7872.57,9898.29
T50205,C10321,P1056,2026-02-05,5,0.05,Paid,Partner,6196.95,309.85,5887.1,2747.05,3140.05
T50206,C10746,P1308,2026-07-24,10,0.05,Paid,Direct,15391.2,769.56,14621.64,4350.9,10270.74
T50207,C10515,P1209,2025-08-16,20,0.1,Paid,Direct,11535.0,1153.5,10381.5,10030.4,351.1
T50208,C10221,P1140,2026-04-26,22,0.02,Paid,Online,35665.52,713.31,34952.21,9829.6,25122.61
T50209,C10542,P1238,2025-04-16,6,0.05,Paid,Online,7484.28,374.21,7110.07,6508.08,601.99
T50210,C10809,P1119,2025-11-27,1,0.15,Failed,Partner,1424.89,213.73,1211.16,1024.8,186.36
T50211,C10013,P1097,2026-07-02,17,0.1,Paid,Partner,36896.12,3689.61,33206.51,2376.43,30830.08
T50212,C10020,P1100,2025-09-14,17,0.15,Paid,Online,16893.41,2534.01,14359.4,8854.79,5504.61
T50213,C10959,P1199,2025-10-21,29,0.0,Paid,Online,10473.64,0.0,10473.64,7439.37,3034.27
T50214,C10748,P1210,2025-03-31,23,0.2,Paid,Direct,36369.67,7273.93,29095.74,27255.69,1840.05
T50215,C10575,P1084,2025-11-03,16,0.1,Paid,Online,16834.88,1683.49,15151.39,11932.32,3219.07
T50216,C10906,P1085,2025-12-06,18,0.1,Pending,Partner,23109.48,2310.95,20798.53,4386.78,16411.75
T50217,C10589,P1331,2026-07-24,19,0.05,Paid,Partner,31419.54,1570.98,29848.56,8211.42,21637.14
T50218,C10520,P1180,2025-04-27,14,0.2,Paid,Direct,18214.7,3642.94,14571.76,9314.9,5256.86
T50219,C10211,P1301,2025-08-01,20,0.02,Paid,,27424.2,548.48,26875.72,11185.0,15690.72
T50220,C10810,P1115,2026-01-11,6,0.05,Paid,Partner,9994.98,499.75,9495.23,6080.82,3414.41
T50221,C10764,P1100,2026-07-01,25,0.05,Paid,Partner,24843.25,1242.16,23601.09,13021.75,10579.34
T50222,C10295,P1098,2025-05-18,25,0.05,Paid,Direct,27580.0,1379.0,26201.0,18552.0,7649.0
T50223,C10737,P1185,2026-02-08,13,0.1,Paid,Partner,28458.82,2845.88,25612.94,14598.74,11014.2
T50224,C10727,P1272,2026-05-26,14,0.0,Paid,Direct,12315.38,0.0,12315.38,10709.02,1606.36
T50225,C10095,P1175,2026-01-03,15,0.0,Failed,Direct,13284.45,0.0,13284.45,11551.65,1732.8
T50226,C10160,P1103,2025-09-05,24,0.02,Paid,Partner,30928.8,618.58,30310.22,25440.24,4869.98
T50227,C10594,P1336,2025-05-16,6,0.05,Paid,Partner,9892.98,494.65,9398.33,6138.18,3260.15
T50228,C10623,P1200,2025-06-17,10,0.05,Failed,Direct,2823.5,141.18,2682.32,2455.2,227.12
T50229,C10658,P1137,2025-01-31,18,0.1,Paid,Direct,9622.26,962.23,8660.03,6128.64,2531.39
T50230,C10373,P1003,2025-03-30,21,0.1,Pending,Direct,36389.22,3638.92,32750.3,22652.28,10098.02
T50231,C10835,P1196,2025-09-11,9,0.05,Failed,Partner,9338.31,466.92,8871.39,3447.0,5424.39
T50232,C10445,P1217,2025-03-23,4,0.0,Pending,Online,7674.68,0.0,7674.68,2955.4,4719.28
T50233,C10206,P1325,2025-01-06,15,0.05,Paid,Partner,15613.2,780.66,14832.54,13576.65,1255.89
T50234,C10115,P1080,2026-02-06,19,0.15,Paid,Partner,33309.09,4996.36,28312.73,17395.26,10917.47
T50235,C10877,P1056,2025-02-11,23,0.05,Paid,Direct,28505.97,1425.3,27080.67,12636.43,14444.24
T50236,C10707,P1349,2025-03-23,1,0.15,Paid,Direct,1624.59,243.69,1380.9,214.03,1166.87
T50237,C10461,P1192,2025-12-12,1,0.2,Refunded,Online,956.55,191.31,765.24,831.78,-66.54
T50238,C10209,P1009,2026-06-19,12,0.02,Paid,Direct,13036.2,260.72,12775.48,11335.8,1439.68
T50239,C10096,P1036,2026-02-25,17,0.05,Paid,Direct,14288.16,714.41,13573.75,12424.45,1149.3
T50240,C10152,P1166,2025-01-19,1,0.02,Paid,Direct,1988.84,39.78,1949.06,1153.95,795.11
T50241,C10105,P1216,2025-04-08,6,0.02,Paid,Partner,2278.44,45.57,2232.87,1299.3,933.57
T50242,C10529,P1085,2026-03-06,13,0.0,Paid,Direct,16690.18,0.0,16690.18,3168.23,13521.95
T50243,C10197,P1127,2026-03-01,9,0.0,Paid,Direct,13741.29,0.0,13741.29,6123.6,7617.69
T50244,C10127,P1257,2025-08-15,21,0.0,Paid,Partner,22714.44,0.0,22714.44,18099.9,4614.54
T50245,C10282,P1338,2026-07-05,2,0.05,Pending,Direct,2636.72,131.84,2504.88,788.56,1716.32
T50246,C10699,P1171,2026-05-31,26,0.0,Paid,Direct,43465.5,0.0,43465.5,29628.3,13837.2
T50247,C10496,P1145,2026-03-08,5,0.02,Failed,Partner,6361.3,127.23,6234.07,5531.55,702.52
T50248,C10153,P1126,2026-03-10,13,0.02,Paid,Online,25818.65,516.37,25302.28,2999.1,22303.18
T50249,C10748,P1047,2026-04-01,29,0.02,Pending,Direct,33038.83,660.78,32378.05,23849.89,8528.16
T50250,C10489,P1018,2025-03-28,20,0.1,Paid,Direct,43603.2,4360.32,39242.88,20217.0,19025.88
T50251,C10186,P1291,2026-02-11,29,0.02,Paid,Direct,56688.62,1133.77,55554.85,23407.06,32147.79
T50252,C10691,P1012,2026-06-30,1,0.0,Failed,Direct,485.69,0.0,485.69,185.8,299.89
T50253,C10992,P1287,2025-05-11,21,0.2,Paid,Online,45902.22,9180.44,36721.78,23930.55,12791.23
T50254,C10540,P1086,2025-01-09,3,0.1,Paid,Partner,4472.73,447.27,4025.46,3010.86,1014.6
T50255,C10161,P1243,2025-07-29,18,0.05,Paid,Direct,6782.22,339.11,6443.11,5435.82,1007.29
T50256,C10309,P1333,2025-06-06,10,0.1,Paid,Partner,9270.6,927.06,8343.54,6334.4,2009.14
T50257,C10599,P1262,2026-07-05,23,0.0,Pending,Direct,18462.56,0.0,18462.56,14836.61,3625.95
T50258,C10999,P1255,2025-09-16,4,0.1,Paid,Direct,5148.0,514.8,4633.2,4476.52,156.68
T50259,C10928,P1092,2026-01-19,27,0.0,Failed,Online,23228.37,0.0,23228.37,6805.35,16423.02
T50260,C10933,P1209,2026-07-24,14,0.02,Paid,Direct,8074.5,161.49,7913.01,7021.28,891.73
T50261,C10832,P1224,2026-04-03,16,0.0,Paid,Direct,29991.52,0.0,29991.52,9206.24,20785.28
T50262,C10574,P1148,2026-03-11,17,0.1,Pending,Online,26975.77,2697.58,24278.19,11554.73,12723.46
T50263,C10647,P1013,2026-07-16,2,0.0,Paid,Direct,2107.72,0.0,2107.72,1832.8,274.92
T50264,C10733,P1319,2026-02-04,10,0.0,Paid,Direct,11062.1,0.0,11062.1,9619.2,1442.9
T50265,C10715,P1068,2025-05-15,21,0.0,Paid,Direct,28914.48,0.0,28914.48,14163.66,14750.82
T50266,C10638,P1340,2026-02-26,28,0.05,Paid,,56088.2,2804.41,53283.79,7665.0,45618.79
T50267,C10134,P1326,2025-07-06,29,0.0,Paid,Direct,35777.01,0.0,35777.01,31110.33,4666.68
T50268,C10879,P1006,2025-07-11,16,0.02,Paid,Direct,25537.28,510.75,25026.53,17290.56,7735.97
T50269,C10009,P1258,2026-01-09,8,0.0,Paid,Direct,11096.16,0.0,11096.16,8148.32,2947.84
T50270,C10425,P1221,2025-07-02,14,0.1,Pending,Direct,16171.68,1617.17,14554.51,14062.3,492.21
T50271,C10434,P1080,2025-01-15,14,0.0,Paid,Partner,24543.54,0.0,24543.54,12817.56,11725.98
T50272,C10996,P1284,2026-08-03,12,0.15,Paid,Online,26197.68,3929.65,22268.03,9513.36,12754.67
T50273,C10089,P1038,2025-11-28,11,0.0,Paid,Partner,16027.66,0.0,16027.66,10786.82,5240.84
T50274,C10475,P1087,2026-01-24,26,0.0,Paid,Partner,55591.12,0.0,55591.12,11116.82,44474.3
T50275,C10357,P1332,2026-04-15,12,0.0,Paid,Partner,23407.8,0.0,23407.8,12214.44,11193.36
T50276,C10097,P1259,2026-01-04,1,0.0,Paid,Direct,2168.53,0.0,2168.53,124.97,2043.56
T50277,C10223,P1039,2025-12-21,21,0.02,Pending,Direct,31095.96,621.92,30474.04,18506.46,11967.58
T50278,C10422,P1050,2026-04-05,20,0.0,Paid,Direct,25663.2,0.0,25663.2,22315.8,3347.4
T50279,C10916,P1089,2025-06-21,11,0.15,Paid,Direct,14060.31,2109.05,11951.26,12226.39,-275.13
T50280,C10388,P1024,2026-04-26,19,0.02,Paid,Online,19745.75,394.92,19350.83,8123.64,11227.19
T50281,C10880,P1063,2026-02-24,28,0.0,Pending,Direct,15198.12,0.0,15198.12,2799.44,12398.68
T50282,C10733,P1200,2025-04-16,27,0.02,Paid,Online,7623.45,152.47,7470.98,6629.04,841.94
T50283,C10818,P1002,2025-03-26,23,0.0,Paid,Direct,50386.1,0.0,50386.1,27403.58,22982.52
T50284,C10853,P1100,2026-05-26,17,0.0,Failed,Direct,16893.41,0.0,16893.41,8854.79,8038.62
T50285,C10713,P1109,2026-06-03,1,0.0,Paid,Direct,827.75,0.0,827.75,719.78,107.97
T50286,C10733,P1339,2026-07-31,15,0.0,Paid,Direct,7835.4,0.0,7835.4,6813.45,1021.95
T50287,C10154,P1340,2025-02-28,24,0.0,Paid,Direct,48075.6,0.0,48075.6,6570.0,41505.6
T50288,C10717,P1295,2026-06-04,25,0.15,Paid,Partner,15310.0,2296.5,13013.5,13313.0,-299.5
T50289,C10048,P1119,2026-05-16,23,0.05,Pending,Direct,32772.47,1638.62,31133.85,23570.4,7563.45
T50290,C10737,P1184,2026-03-22,29,-0.05,Paid,Partner,32663.57,4899.54,27764.03,21794.66,5969.37
T50291,C10653,P1176,2025-10-16,15,0.0,Paid,Online,12166.65,0.0,12166.65,4077.75,8088.9
T50292,C10756,P1301,2025-10-22,4,0.1,Paid,Direct,5484.84,548.48,4936.36,2237.0,2699.36
T50293,C10642,P1261,2025-09-06,15,0.02,Pending,Online,27254.7,545.09,26709.61,3298.65,23410.96
T50294,C10368,P1317,2025-01-17,10,0.0,Failed,Direct,12164.7,0.0,12164.7,8107.3,4057.4
T50295,C10369,P1192,2025-10-18,25,0.1,Paid,Direct,23913.75,2391.38,21522.37,20794.5,727.87
T50296,C10596,P1321,2025-05-18,23,0.0,Paid,Direct,22074.48,0.0,22074.48,12953.37,9121.11
T50297,C10472,P1260,2025-04-27,13,0.02,Paid,Partner,11584.95,231.7,11353.25,3978.0,7375.25
T50298,C10340,P1258,2025-02-02,12,0.1,Failed,Direct,16644.24,1664.42,14979.82,12222.48,2757.34
T50299,C10489,P1231,2025-09-23,5,0.05,Paid,Partner,4140.05,207.0,3933.05,1989.9,1943.15
T50300,C10536,P1117,2025-01-28,2,0.02,Paid,Online,2566.38,51.33,2515.05,2231.64,283.41
T50301,C10239,P1212,2026-05-08,10,0.02,Failed,Direct,13171.4,263.43,12907.97,11453.4,1454.57
T50302,C10638,P1124,2026-05-31,7,0.0,Pending,Partner,6436.64,0.0,6436.64,5597.06,839.58
T50303,C10314,P1227,2026-04-10,8,0.2,Paid,Partner,8786.48,1757.3,7029.18,7640.4,-611.22
T50304,C10267,P1089,2025-06-24,29,0.0,Pending,Direct,37068.09,0.0,37068.09,32233.21,4834.88
T50305,C10418,P1279,2025-04-05,20,0.0,Paid,Direct,8167.0,0.0,8167.0,3654.6,4512.4
T50306,C10103,P1199,2025-10-20,16,0.0,Paid,Direct,5778.56,0.0,5778.56,4104.48,1674.08
T50307,C10603,P1248,2026-01-26,6,0.15,Failed,Direct,11348.04,1702.21,9645.83,827.16,8818.67
T50308,C10733,P1077,2025-01-12,25,0.1,Paid,Partner,50045.5,5004.55,45040.95,14709.0,30331.95
T50309,C10955,P1277,2026-05-12,19,0.02,Paid,Direct,37516.26,750.33,36765.93,16619.87,20146.06
T50310,C10283,P1280,2025-09-12,15,0.2,Paid,Direct,6669.3,1333.86,5335.44,4283.4,1052.04
T50311,C10538,P1050,2026-04-21,14,0.0,Paid,Partner,17964.24,0.0,17964.24,15621.06,2343.18
T50312,C10503,P1122,2025-02-15,17,0.15,Paid,Partner,20484.83,3072.72,17412.11,16630.59,781.52
T50313,C10731,P1237,2025-09-04,25,0.0,Paid,Online,6178.0,0.0,6178.0,4532.25,1645.75
T50314,C10624,P1305,2025-09-23,21,0.02,Paid,Direct,29443.68,588.87,28854.81,11294.64,17560.17
T50315,C10807,P1257,2025-01-28,15,0.0,Paid,Partner,16224.6,0.0,16224.6,12928.5,3296.1
T50316,C10850,P1165,2026-02-15,20,0.2,Pending,Direct,14666.2,2933.24,11732.96,4678.0,7054.96
T50317,C10113,P1104,2026-06-25,27,0.15,Paid,Partner,48443.94,7266.59,41177.35,27898.29,13279.06
T50318,C10355,P1318,2025-11-10,10,0.05,Paid,Direct,9863.2,493.16,9370.04,4341.6,5028.44
T50319,C10653,P1306,2025-08-18,27,0.0,Paid,Direct,34688.52,0.0,34688.52,8740.98,25947.54
T50320,C10543,P1313,2026-01-04,18,0.0,Paid,Online,18171.18,0.0,18171.18,12980.7,5190.48
T50321,C10482,P1106,2025-07-29,6,0.02,Paid,Partner,11017.8,220.36,10797.44,1699.68,9097.76
T50322,C10173,P1152,2025-07-28,29,0.0,Pending,Partner,33891.72,0.0,33891.72,19622.85,14268.87
T50323,C10572,P1085,2026-03-17,20,0.0,Failed,Direct,25677.2,0.0,25677.2,4874.2,20803.0
T50324,C10740,P1334,2025-12-09,12,0.05,Paid,Partner,14518.68,725.93,13792.75,2517.12,11275.63
T50325,C10038,P1303,2025-06-03,7,0.05,Refunded,Direct,13590.29,679.51,12910.78,5535.46,7375.32
T50326,C10591,P1060,2025-08-25,27,0.15,Paid,Direct,38966.67,5845.0,33121.67,26483.76,6637.91
T50327,C10906,P1086,2026-04-30,24,0.02,Paid,Direct,35781.84,715.64,35066.2,24086.88,10979.32
T50328,C10573,P1193,2025-11-03,2,0.0,Paid,Direct,2976.98,0.0,2976.98,907.34,2069.64
T50329,C10952,P1145,2025-02-14,19,0.02,Paid,Direct,24172.94,483.46,23689.48,21019.89,2669.59
T50330,C10352,P1160,2026-05-13,4,0.0,Failed,Partner,3533.32,0.0,3533.32,3072.44,460.88
T50331,C10003,P1128,2026-03-06,9,0.05,Paid,Direct,6788.88,339.44,6449.44,5903.37,546.07
T50332,C10682,P1235,2025-06-04,17,0.1,Paid,Partner,27347.73,2734.77,24612.96,14034.69,10578.27
T50333,C10212,P1314,2026-07-15,8,0.0,Paid,Online,9639.2,0.0,9639.2,5709.28,3929.92
T50334,C10009,P1321,2026-07-07,15,0.0,Paid,Direct,14396.4,0.0,14396.4,8447.85,5948.55
T50335,C10180,P1159,2026-08-01,13,0.1,Paid,Partner,18860.53,1886.05,16974.48,2963.48,14011.0
T50336,C10934,P1289,2025-08-08,17,0.02,Failed,Direct,14220.33,284.41,13935.92,12365.46,1570.46
T50337,C10781,P1243,2026-06-20,24,0.02,Paid,Online,9042.96,180.86,8862.1,7247.76,1614.34
T50338,C10275,P1068,2026-04-13,5,0.05,Paid,Direct,6884.4,344.22,6540.18,3372.3,3167.88
T50339,C10598,P1277,2026-05-21,24,0.05,Paid,Direct,47388.96,2369.45,45019.51,20993.52,24025.99
T50340,C10339,P1122,2025-11-14,7,0.0,Paid,Direct,8434.93,0.0,8434.93,6847.89,1587.04
T50341,C10177,P1219,2025-06-11,1,0.1,Paid,Online,1191.74,119.17,1072.57,93.78,978.79
T50342,C10988,P1252,2025-05-12,13,0.15,Pending,Direct,15418.52,2312.78,13105.74,13407.42,-301.68
T50343,C10813,P1330,2026-07-15,9,0.0,Paid,Partner,10100.07,0.0,10100.07,8782.65,1317.42
T50344,C10363,P1331,2025-10-19,6,0.0,Paid,Direct,9921.96,0.0,9921.96,2593.08,7328.88
T50345,C10353,P1280,2026-06-23,13,0.05,Paid,Partner,5780.06,289.0,5491.06,3712.28,1778.78
T50346,C10815,P1177,2025-11-18,26,0.05,Paid,Direct,21310.9,1065.54,20245.36,18531.24,1714.12
T50347,C10460,P1140,2025-11-06,17,0.02,Paid,Direct,27559.72,551.19,27008.53,7595.6,19412.93
T50348,C10376,P1154,2025-02-12,22,0.02,Paid,Direct,19778.66,395.57,19383.09,8860.06,10523.03
T50349,C10387,P1332,2025-08-22,5,0.05,Paid,Direct,9753.25,487.66,9265.59,5089.35,4176.24
T50350,C10446,P1071,2025-11-19,3,0.02,Paid,Partner,4773.66,95.47,4678.19,2266.44,2411.75
T50351,C10521,P1183,2025-03-05,10,0.0,Paid,Partner,10486.9,0.0,10486.9,6312.1,4174.8
T50352,C10040,P1237,2025-04-04,23,0.0,Paid,Direct,5683.76,0.0,5683.76,4169.67,1514.09
T50353,C10480,P1007,2025-12-09,26,0.02,Paid,Direct,24572.08,491.44,24080.64,17189.12,6891.52
T50354,C10439,P1222,2025-05-24,3,0.15,Failed,Direct,3102.66,465.4,2637.26,1232.4,1404.86
T50355,C10274,P1091,2026-02-11,14,0.05,Failed,Partner,23624.58,1181.23,22443.35,5584.46,16858.89
T50356,C10355,P1098,2025-09-25,12,0.02,Paid,Partner,13238.4,264.77,12973.63,8904.96,4068.67
T50357,C10424,P1217,2025-08-23,22,0.15,Paid,Online,42210.74,6331.61,35879.13,16254.7,19624.43
T50358,C10366,P1003,2025-03-10,6,0.02,Paid,Online,10396.92,207.94,10188.98,6472.08,3716.9
T50359,C10908,P1054,2025-08-24,15,0.02,Pending,Direct,12723.15,254.46,12468.69,2979.15,9489.54
T50360,C10528,P1159,2025-11-11,25,0.0,Paid,Direct,36270.25,0.0,36270.25,5699.0,30571.25
T50361,C10502,P1204,2025-11-29,14,0.05,Paid,Online,16911.72,845.59,16066.13,12561.5,3504.63
T50362,C10262,P1038,2025-06-06,23,0.05,Paid,Direct,33512.38,1675.62,31836.76,22554.26,9282.5
T50363,C10916,P1126,2025-01-17,19,0.1,Paid,Direct,37734.95,3773.5,33961.45,4383.3,29578.15
T50364,C10023,P1107,2026-06-27,18,0.0,Paid,Direct,7144.56,0.0,7144.56,6212.7,931.86
T50365,C10550,P1187,2026-07-10,8,0.02,Paid,Partner,14560.08,291.2,14268.88,1689.28,12579.6
T50366,C10168,P1105,2026-06-09,29,0.0,Pending,Partner,59323.56,0.0,59323.56,3732.01,55591.55
T50367,C10768,P1000,2025-06-18,8,0.2,Pending,Online,7184.64,1436.93,5747.71,1042.4,4705.31
T50368,C10378,P1185,2025-12-16,27,0.0,Paid,Direct,59106.78,0.0,59106.78,30320.46,28786.32
T50369,C10293,P1296,2025-03-23,29,0.05,Paid,Direct,39696.94,1984.85,37712.09,17721.03,19991.06
T50370,C10057,P1204,2026-06-10,15,0.05,Failed,Direct,18119.7,905.99,17213.71,13458.75,3754.96
T50371,C10790,P1126,2025-01-04,26,0.0,Pending,Partner,51637.3,0.0,51637.3,5998.2,45639.1
T50372,C10396,P1168,2025-09-30,21,0.02,Pending,Direct,17989.86,359.8,17630.06,15643.32,1986.74
T50373,C10264,P1049,2026-05-12,22,0.0,Refunded,Online,41725.86,0.0,41725.86,8818.04,32907.82
T50374,C10844,P1082,2026-02-25,2,0.05,Paid,Direct,767.82,38.39,729.43,395.82,333.61
T50375,C10019,P1153,2026-05-16,4,0.2,Paid,Partner,3628.8,725.76,2903.04,3155.48,-252.44
T50376,C10468,P1207,2025-10-15,3,0.02,Paid,Partner,3291.09,65.82,3225.27,2861.82,363.45
T50377,C10160,P1170,2025-02-25,1,-0.05,Paid,Direct,1235.56,247.11,988.45,970.53,17.92
T50378,C10126,P1337,2025-01-05,25,0.0,Paid,Partner,43876.75,0.0,43876.75,3556.0,40320.75
T50379,C10021,P1223,2025-03-30,6,0.02,Paid,Direct,10501.14,210.02,10291.12,3561.42,6729.7
T50380,C10187,P1008,2025-02-03,1,0.15,Paid,Partner,1463.82,219.57,1244.25,433.84,810.41
T50381,C10947,P1183,2025-09-17,28,0.15,Paid,Partner,29363.32,4404.5,24958.82,17673.88,7284.94
T50382,C10445,P1203,2025-01-30,9,0.0,Paid,Partner,9746.91,0.0,9746.91,4583.88,5163.03
T50383,C10999,P1015,2025-04-18,24,0.05,Paid,Direct,52265.28,2613.26,49652.02,27101.52,22550.5
T50384,C10267,P1134,2025-09-01,28,0.15,Paid,Online,26984.44,4047.67,22936.77,6623.12,16313.65
T50385,C10762,P1305,2026-03-03,16,0.1,Paid,Online,22433.28,2243.33,20189.95,8605.44,11584.51
T50386,C10089,P1124,2026-01-27,27,0.05,Paid,Partner,24827.04,1241.35,23585.69,21588.66,1997.03
T50387,C10108,P1159,2025-02-03,29,0.0,Paid,Online,42073.49,0.0,42073.49,6610.84,35462.65
T50388,C10016,P1077,2026-06-08,5,0.0,Paid,Direct,10009.1,0.0,10009.1,2941.8,7067.3
T50389,C10898,P1026,2025-11-15,5,0.05,Paid,Direct,6718.6,335.93,6382.67,5842.25,540.42
T50390,C10671,P1111,2025-07-22,11,0.02,Pending,Direct,16878.18,337.56,16540.62,1486.76,15053.86
T50391,C10743,P1270,2025-08-11,17,0.0,Paid,Direct,17107.95,0.0,17107.95,14876.53,2231.42
T50392,C10927,P1344,2026-05-08,23,0.0,Paid,Direct,26619.97,0.0,26619.97,23147.89,3472.08
T50393,C10332,P1231,2025-09-27,6,0.02,Pending,Partner,4968.06,99.36,4868.7,2387.88,2480.82
T50394,C10722,P1290,2025-05-23,6,0.02,Paid,Direct,11936.82,238.74,11698.08,5182.5,6515.58
T50395,C10502,P1227,2025-09-04,9,0.02,Pending,Direct,9884.79,197.7,9687.09,8595.45,1091.64
T50396,C10542,P1230,2025-02-09,8,0.02,Paid,Partner,9795.2,195.9,9599.3,8517.6,1081.7
T50397,C10661,P1149,2025-03-30,28,0.0,Paid,Partner,38365.32,0.0,38365.32,28850.92,9514.4
T50398,C10469,P1021,2025-07-02,12,0.1,Paid,Online,11457.24,1145.72,10311.52,9015.72,1295.8
T50399,C10024,P1143,2025-05-08,26,0.05,Paid,Direct,19696.04,984.8,18711.24,10725.0,7986.24
T50400,C10075,P1302,2025-07-22,2,0.0,Failed,Partner,1757.92,0.0,1757.92,1528.62,229.3
T50401,C10501,P1187,2025-02-07,3,0.02,Paid,Direct,5460.03,109.2,5350.83,633.48,4717.35
T50402,C10569,P1266,2025-12-20,24,0.02,Paid,Direct,23970.0,479.4,23490.6,6092.16,17398.44
T50403,C10732,P1017,2025-03-08,8,0.05,Paid,Partner,14960.72,748.04,14212.68,1739.92,12472.76
T50404,C10572,P1070,2025-05-06,3,0.05,Failed,Direct,3628.95,181.45,3447.5,3155.61,291.89
T50405,C10188,P1104,2026-07-22,18,0.05,Paid,Partner,32295.96,1614.8,30681.16,18598.86,12082.3
T50406,C10366,P1125,2025-01-04,5,0.05,Paid,Direct,5476.75,273.84,5202.91,4762.4,440.51
T50407,C10443,P1345,2025-06-12,2,0.0,Refunded,Direct,3348.76,0.0,3348.76,2078.66,1270.1
T50408,C10983,P1161,2025-10-18,12,0.0,Paid,Direct,12141.36,0.0,12141.36,2238.12,9903.24
T50409,C10532,P1231,2025-06-28,16,0.0,Paid,Direct,13248.16,0.0,13248.16,6367.68,6880.48
T50410,C10634,P1225,2025-07-05,16,0.02,Paid,Direct,10939.36,218.79,10720.57,6690.56,4030.01
T50411,C10735,P1146,2025-03-15,17,0.02,Paid,Direct,22584.33,451.69,22132.64,10516.54,11616.1
T50412,C10362,P1338,2025-09-03,1,0.05,Pending,Direct,1318.36,65.92,1252.44,394.28,858.16
T50413,C10964,P1077,2026-03-14,9,0.0,Paid,Partner,18016.38,0.0,18016.38,5295.24,12721.14
T50414,C10674,P1012,2025-12-07,10,0.05,Failed,Direct,4856.9,242.84,4614.06,1858.0,2756.06
T50415,C10848,P1260,2026-06-21,9,0.0,Paid,Partner,8020.35,0.0,8020.35,2754.0,5266.35
T50416,C10749,P1228,2026-02-10,17,0.02,Paid,Partner,19273.24,385.46,18887.78,3465.62,15422.16
T50417,C10621,P1091,2026-04-04,7,0.05,Paid,Direct,11812.29,590.61,11221.68,2792.23,8429.45
T50418,C10030,P1303,2025-09-08,19,0.0,Paid,Direct,36887.93,0.0,36887.93,15024.82,21863.11
T50419,C10583,P1056,2025-12-22,28,0.0,Paid,Partner,34702.92,0.0,34702.92,15383.48,19319.44
T50420,C10129,P1087,2025-12-02,20,0.02,Paid,Online,42762.4,855.25,41907.15,8551.4,33355.75
T50421,C10603,P1054,2026-04-17,12,0.05,Paid,Direct,10178.52,508.93,9669.59,2383.32,7286.27
T50422,C10701,P1065,2025-10-18,13,0.0,Pending,Partner,26666.77,0.0,26666.77,13116.48,13550.29
T50423,C10545,P1255,2025-08-23,17,0.15,Paid,Direct,21879.0,3281.85,18597.15,19025.21,-428.06
T50424,C10308,P1246,2025-02-10,21,0.2,Paid,Direct,27654.48,5530.9,22123.58,2530.5,19593.08
T50425,C10059,P1224,2026-05-14,9,0.1,Paid,Direct,16870.23,1687.02,15183.21,5178.51,10004.7
T50426,C10671,P1301,2025-09-10,2,0.0,Paid,Direct,2742.42,0.0,2742.42,1118.5,1623.92
T50427,C10698,P1024,2026-04-09,21,0.05,Paid,Direct,21824.25,1091.21,20733.04,8978.76,11754.28
T50428,C10477,P1217,2026-01-29,20,0.0,Failed,Direct,38373.4,0.0,38373.4,14777.0,23596.4
T50429,C10716,P1040,2025-01-02,3,0.15,Paid,Direct,4571.76,685.76,3886.0,2722.98,1163.02
T50430,C10779,P1334,2026-01-13,19,0.02,Paid,Partner,22987.91,459.76,22528.15,3985.44,18542.71
T50431,C10512,P1221,2025-10-10,3,0.0,Paid,Direct,3465.36,0.0,3465.36,3013.35,452.01
T50432,C10047,P1265,2025-05-20,19,0.0,Paid,Partner,22576.94,0.0,22576.94,19632.13,2944.81
T50433,C10870,P1199,2025-06-03,22,0.1,Paid,Online,7945.52,794.55,7150.97,5643.66,1507.31
T50434,C10466,P1134,2026-01-06,1,0.15,Paid,Direct,963.73,144.56,819.17,236.54,582.63
T50435,C10672,P1240,2025-02-20,22,0.02,Paid,Direct,8848.18,176.96,8671.22,7694.06,977.16
T50436,C10910,P1292,2025-12-18,4,0.02,Paid,Direct,5213.96,104.28,5109.68,4533.88,575.8
T50437,C10362,P1062,2026-05-06,8,0.1,Pending,Online,8822.24,882.22,7940.02,7671.52,268.5
T50438,C10621,P1305,2025-02-20,21,0.1,Paid,Direct,29443.68,2944.37,26499.31,11294.64,15204.67
T50439,C10019,P1254,2025-01-05,11,0.1,Paid,Direct,20941.36,2094.14,18847.22,10747.88,8099.34
T50440,C10885,P1030,2025-02-05,29,0.02,Paid,Online,18193.15,363.86,17829.29,9779.09,8050.2
T50441,C10059,P1327,2026-02-28,28,0.05,Paid,Direct,53505.48,2675.27,50830.21,31124.24,19705.97
T50442,C10541,P1063,2026-05-07,29,0.1,Paid,Direct,15740.91,1574.09,14166.82,2899.42,11267.4
T50443,C10351,P1210,2026-07-28,4,0.0,Paid,Online,6325.16,0.0,6325.16,4740.12,1585.04
T50444,C10035,P1045,2025-01-17,6,0.02,Paid,Online,5063.04,101.26,4961.78,2502.36,2459.42
T50445,C10462,P1068,2025-10-07,6,0.0,Paid,Direct,8261.28,0.0,8261.28,4046.76,4214.52
T50446,C10935,P1225,2025-01-28,17,0.02,Paid,Direct,11623.07,232.46,11390.61,7108.72,4281.89
T50447,C10166,P1237,2025-08-04,13,0.1,Pending,Direct,3212.56,321.26,2891.3,2356.77,534.53
T50448,C10292,P1240,2025-06-28,22,0.0,Refunded,Direct,8848.18,0.0,8848.18,7694.06,1154.12
T50449,C10189,P1120,2025-12-18,9,0.02,Pending,Direct,17182.44,343.65,16838.79,9818.73,7020.06
T50450,C10124,P1287,2026-06-12,6,0.0,Paid,Direct,13114.92,0.0,13114.92,6837.3,6277.62
T50451,C10230,P1017,2026-04-12,19,0.15,Paid,Partner,35531.71,5329.76,30201.95,4132.31,26069.64
T50452,C10571,P1299,2025-02-06,18,0.1,Paid,Partner,33557.4,3355.74,30201.66,7045.92,23155.74
T50453,C10780,P1105,2025-05-20,21,0.02,Paid,Online,42958.44,859.17,42099.27,2702.49,39396.78
T50454,C10690,P1217,2025-06-09,10,0.05,Failed,Partner,19186.7,959.34,18227.36,7388.5,10838.86
T50455,C10771,P1316,2025-05-26,16,0.0,Paid,Direct,28509.76,0.0,28509.76,12891.2,15618.56
T50456,C10715,P1089,2025-07-24,27,0.1,Paid,Direct,34511.67,3451.17,31060.5,30010.23,1050.27
T50457,C10382,P1143,2025-12-19,18,0.05,Failed,Direct,13635.72,681.79,12953.93,7425.0,5528.93
T50458,C10900,P1289,2026-03-05,28,0.0,Paid,Direct,23421.72,0.0,23421.72,20366.64,3055.08
T50459,C10172,P1302,2026-06-30,13,0.2,Paid,Direct,11426.48,2285.3,9141.18,9936.03,-794.85
T50460,C10699,P1082,2026-02-12,2,0.0,Paid,Partner,767.82,0.0,767.82,395.82,372.0
T50461,C10110,P1178,2025-06-23,23,0.05,Paid,Direct,44673.82,2233.69,42440.13,16585.76,25854.37
T50462,C10765,P1116,2025-04-17,14,0.0,Failed,Direct,25085.06,0.0,25085.06,1934.8,23150.26
T50463,C10087,P1180,2025-08-07,2,0.05,Paid,Direct,2602.1,130.1,2472.0,1330.7,1141.3
T50464,C10216,P1132,2026-04-09,5,0.0,Paid,Online,4578.8,0.0,4578.8,3981.55,597.25
T50465,C10391,P1001,2026-07-31,10,0.0,Paid,Partner,21147.8,0.0,21147.8,5673.1,15474.7
T50466,C10694,P1323,2025-08-16,6,0.02,Pending,Direct,3339.18,66.78,3272.4,2903.64,368.76
T50467,C10045,P1222,2025-04-13,20,0.2,Failed,Direct,20684.4,4136.88,16547.52,8216.0,8331.52
T50468,C10257,P1161,2025-01-03,18,0.0,Failed,Online,18212.04,0.0,18212.04,3357.18,14854.86
T50469,C10333,P1037,2025-02-14,10,0.05,Failed,Direct,18793.6,939.68,17853.92,3037.5,14816.42
T50470,C10731,P1024,2026-01-05,3,0.02,Paid,Partner,3117.75,62.36,3055.39,1282.68,1772.71
T50471,C10961,P1167,2025-12-09,3,0.1,Paid,Partner,3370.62,337.06,3033.56,2930.97,102.59
T50472,C10614,P1227,2026-01-09,28,0.0,Failed,Partner,30752.68,0.0,30752.68,26741.4,4011.28
T50473,C10507,P1091,2025-01-15,11,0.05,Paid,Direct,18562.17,928.11,17634.06,4387.79,13246.27
T50474,C10336,P1260,2025-09-11,4,0.2,Paid,Online,3564.6,712.92,2851.68,1224.0,1627.68
T50475,C10822,P1137,2025-04-15,21,0.0,Paid,Direct,11225.97,0.0,11225.97,7150.08,4075.89
T50476,C10107,P1003,2025-07-15,26,0.02,Paid,Direct,45053.32,901.07,44152.25,28045.68,16106.57
T50477,C10129,P1187,2025-12-27,4,0.15,Paid,Direct,7280.04,1092.01,6188.03,844.64,5343.39
T50478,C10201,P1063,2025-06-09,28,0.0,Failed,Direct,15198.12,0.0,15198.12,2799.44,12398.68
T50479,C10268,P1005,2026-01-18,22,0.02,Paid,Direct,34313.62,686.27,33627.35,23709.18,9918.17
T50480,C10461,P1045,2025-06-17,8,0.0,Paid,Partner,6750.72,0.0,6750.72,3336.48,3414.24
T50481,C10946,P1099,2025-10-24,23,0.1,Paid,Online,49558.79,4955.88,44602.91,19375.2,25227.71
T50482,C10650,P1180,2025-09-24,13,0.15,Paid,Direct,16913.65,2537.05,14376.6,8649.55,5727.05
T50483,C10383,P1346,2025-08-11,19,0.05,Paid,Partner,10857.93,542.9,10315.03,9441.67,873.36
T50484,C10211,P1076,2025-03-15,4,0.05,Paid,Online,6843.76,342.19,6501.57,4206.36,2295.21
T50485,C10648,P1020,2025-12-01,8,0.02,Paid,Direct,8551.2,171.02,8380.18,2246.24,6133.94
T50486,C10253,P1066,2026-07-29,23,0.0,Paid,Partner,25721.13,0.0,25721.13,22366.12,3355.01
T50487,C10976,P1111,2026-01-09,24,0.0,Paid,Online,36825.12,0.0,36825.12,3243.84,33581.28
T50488,C10477,P1071,2026-03-09,1,0.0,Paid,,1591.22,0.0,1591.22,755.48,835.74
T50489,C10550,P1112,2026-04-12,7,0.0,Paid,Direct,11285.26,0.0,11285.26,3489.15,7796.11
T50490,C10903,P1339,2025-01-23,18,0.05,Paid,Online,9402.48,470.12,8932.36,8176.14,756.22
T50491,C10305,P1132,2026-04-05,27,0.0,Paid,Partner,24725.52,0.0,24725.52,21500.37,3225.15
T50492,C10471,P1222,2025-05-21,20,0.0,Paid,Direct,20684.4,0.0,20684.4,8216.0,12468.4
T50493,C10531,P1239,2026-01-21,21,0.02,Pending,Direct,42705.39,854.11,41851.28,2362.08,39489.2
T50494,C10271,P1045,2026-07-25,12,0.0,Paid,Direct,10126.08,0.0,10126.08,5004.72,5121.36
T50495,C10054,P1086,2026-06-03,2,0.0,Paid,Direct,2981.82,0.0,2981.82,2007.24,974.58
T50496,C10283,P1145,2025-08-29,23,0.0,Paid,Direct,29261.98,0.0,29261.98,25445.13,3816.85
T50497,C10112,P1161,2026-05-02,24,0.0,Paid,Direct,24282.72,0.0,24282.72,4476.24,19806.48
T50498,C10675,P1004,2025-12-25,13,0.02,Paid,Partner,13730.73,274.61,13456.12,11939.72,1516.4
T50499,C10007,P1225,2025-03-19,15,0.1,Paid,Partner,10255.65,1025.56,9230.09,6272.4,2957.69
T50500,C10316,P1105,2025-05-20,7,0.1,Paid,Direct,14319.48,1431.95,12887.53,900.83,11986.7
T50501,C10884,P1112,2026-07-09,14,0.1,Paid,Direct,22570.52,2257.05,20313.47,6978.3,13335.17
T50502,C10568,P1211,2026-06-15,8,0.05,Pending,Direct,8131.76,406.59,7725.17,7071.12,654.05
T50503,C10671,P1332,2026-06-02,13,0.15,Paid,Direct,25358.45,3803.77,21554.68,13232.31,8322.37
T50504,C10668,P1302,2025-08-11,4,0.02,Failed,Partner,3515.84,70.32,3445.52,3057.24,388.28
T50505,C10298,P1342,2025-07-06,18,0.05,Pending,Direct,32149.8,1607.49,30542.31,16412.76,14129.55
T50506,C10632,P1144,2026-04-13,8,0.02,Paid,Online,10513.04,210.26,10302.78,9141.76,1161.02
T50507,C10221,P1041,2025-01-12,22,0.0,Paid,Direct,37706.9,0.0,37706.9,4989.16,32717.74
T50508,C10635,P1075,2026-06-05,16,0.0,Paid,Direct,18062.24,0.0,18062.24,12962.56,5099.68
T50509,C10683,P1120,2025-12-17,26,0.0,Paid,Online,49638.16,0.0,49638.16,28365.22,21272.94
T50510,C10876,P1105,2026-01-02,7,0.1,Paid,Direct,14319.48,1431.95,12887.53,900.83,11986.7
T50511,C10919,P1072,2025-09-12,8,0.0,Paid,Direct,11593.84,0.0,11593.84,4336.64,7257.2
T50512,C10023,P1052,2026-07-22,8,0.05,Paid,Direct,10828.8,541.44,10287.36,5614.56,4672.8
T50513,C10299,P1065,2026-03-11,19,0.1,Paid,Partner,38974.51,3897.45,35077.06,19170.24,15906.82
T50514,C10547,P1230,2025-02-01,4,0.02,Paid,Direct,4897.6,97.95,4799.65,4258.8,540.85
T50515,C10321,P1171,2025-11-01,20,0.0,Paid,Partner,33435.0,0.0,33435.0,22791.0,10644.0
T50516,C10618,P1013,2026-05-14,24,0.02,Pending,Partner,25292.64,505.85,24786.79,21993.6,2793.19
T50517,C10854,P1197,2025-02-14,20,0.0,Paid,Online,11221.6,0.0,11221.6,9758.0,1463.6
T50518,C10258,P1294,2026-03-04,4,0.2,Paid,Partner,2987.04,597.41,2389.63,2597.44,-207.81
T50519,C10893,P1148,2025-05-22,15,0.05,Paid,Partner,23802.15,1190.11,22612.04,10195.35,12416.69
T50520,C10882,P1111,2025-10-21,16,0.05,Failed,Partner,24550.08,1227.5,23322.58,2162.56,21160.02
T50521,C10914,P1095,2026-05-27,12,0.02,Paid,Direct,20922.6,418.45,20504.15,1704.48,18799.67
T50522,C10073,P1132,2025-10-13,14,0.05,Paid,Partner,12820.64,641.03,12179.61,11148.34,1031.27
T50523,C10293,P1097,2025-01-22,23,0.05,Failed,Partner,49918.28,2495.91,47422.37,3215.17,44207.2
T50524,C10124,P1323,2025-01-13,25,0.0,Paid,Direct,13913.25,0.0,13913.25,12098.5,1814.75
T50525,C10120,P1347,2026-03-04,9,0.0,Paid,Partner,19416.69,0.0,19416.69,2268.45,17148.24
T50526,C10053,P1120,2026-06-24,10,0.0,Paid,Direct,19091.6,0.0,19091.6,10909.7,8181.9
T50527,C10439,P1323,2025-06-19,7,0.02,Paid,Direct,3895.71,77.91,3817.8,3387.58,430.22
T50528,C10087,P1298,2026-06-27,12,0.15,Paid,Direct,18125.04,2718.76,15406.28,2762.28,12644.0
T50529,C10295,P1026,2025-09-20,16,0.05,Paid,Direct,21499.52,1074.98,20424.54,18695.2,1729.34
T50530,C10981,P1171,2025-02-04,21,0.02,Paid,Direct,35106.75,702.14,34404.61,23930.55,10474.06
T50531,C10883,P1229,2025-11-04,8,0.15,Paid,Direct,12405.44,1860.82,10544.62,9573.44,971.18
T50532,C10937,P1147,2026-07-19,7,0.0,Pending,Direct,15365.28,0.0,15365.28,3134.32,12230.96
T50533,C10036,P1159,2025-05-26,1,0.0,Pending,Direct,1450.81,0.0,1450.81,227.96,1222.85
T50534,C10660,P1172,2026-07-12,3,0.15,Paid,Partner,4083.09,612.46,3470.63,1091.37,2379.26
T50535,C10633,P1241,2026-01-14,2,0.15,Paid,Direct,1072.12,160.82,911.3,480.36,430.94
T50536,C10132,P1102,2025-08-18,7,0.05,Paid,Online,5192.81,259.64,4933.17,4515.49,417.68
T50537,C10906,P1208,2026-02-07,21,0.0,Paid,Partner,19702.83,0.0,19702.83,12954.69,6748.14
T50538,C10404,P1085,2025-08-21,23,0.2,Paid,Direct,29528.78,5905.76,23623.02,5605.33,18017.69
T50539,C10976,P1311,2025-02-19,29,0.1,Paid,Direct,49438.33,4943.83,44494.5,17719.87,26774.63
T50540,C10113,P1029,2026-05-21,16,0.05,Paid,Direct,3864.48,193.22,3671.26,1529.76,2141.5
T50541,C10650,P1023,2025-08-05,14,0.0,Paid,Direct,23778.02,0.0,23778.02,4200.14,19577.88
T50542,C10130,P1013,2025-11-25,27,0.02,Paid,Direct,28454.22,569.08,27885.14,24742.8,3142.34
T50543,C10949,P1122,2026-03-08,5,0.1,Paid,Partner,6024.95,602.5,5422.45,4891.35,531.1
T50544,C10607,P1212,2025-02-18,19,0.1,Paid,Partner,25025.66,2502.57,22523.09,21761.46,761.63
T50545,C10075,P1344,2026-02-23,24,0.05,Paid,Direct,27777.36,1388.87,26388.49,24154.32,2234.17
T50546,C10214,P1159,2025-07-31,15,0.02,Paid,Partner,21762.15,435.24,21326.91,3419.4,17907.51
T50547,C10359,P1063,2025-11-12,8,0.05,Paid,Direct,4342.32,217.12,4125.2,799.84,3325.36
T50548,C10012,P1128,2025-09-23,19,0.02,Paid,Partner,14332.08,286.64,14045.44,12462.67,1582.77
T50549,C10008,P1044,2026-03-28,29,0.02,Paid,Online,36424.87,728.5,35696.37,15233.41,20462.96
T50550,C10925,P1165,2025-04-19,7,0.0,Paid,Direct,5133.17,0.0,5133.17,1637.3,3495.87
T50551,C10981,P1255,2025-03-04,17,0.0,Failed,Partner,21879.0,0.0,21879.0,19025.21,2853.79
T50552,C10536,P1012,2025-08-27,2,0.1,Paid,Partner,971.38,97.14,874.24,371.6,502.64
T50553,C10902,P1272,2025-03-10,7,0.0,Paid,Direct,6157.69,0.0,6157.69,5354.51,803.18
T50554,C10655,P1079,2025-05-21,23,0.0,Paid,Direct,48865.34,0.0,48865.34,7936.38,40928.96
T50555,C10028,P1235,2026-01-17,15,0.15,Paid,Partner,24130.35,3619.55,20510.8,12383.55,8127.25
T50556,C10714,P1285,2026-04-20,6,0.05,Paid,Direct,4975.56,248.78,4726.78,4326.6,400.18
T50557,C10018,P1271,2026-02-07,10,0.0,Paid,Direct,13545.0,0.0,13545.0,11778.3,1766.7
T50558,C10816,P1234,2025-07-04,4,0.0,Paid,Partner,5515.4,0.0,5515.4,4796.0,719.4
T50559,C10366,P1242,2026-04-18,23,0.1,Paid,Direct,25127.04,2512.7,22614.34,21849.54,764.8
T50560,C10141,P1065,2025-08-24,28,0.02,Paid,Direct,57436.12,1148.72,56287.4,28250.88,28036.52
T50561,C10258,P1047,2025-04-16,4,0.02,Paid,Online,4557.08,91.14,4465.94,3289.64,1176.3
T50562,C10683,P1133,2026-03-15,7,0.02,Paid,Direct,9521.12,190.42,9330.7,2649.08,6681.62
T50563,C10846,P1212,2025-10-27,25,0.0,Paid,Direct,32928.5,0.0,32928.5,28633.5,4295.0
T50564,C10570,P1216,2025-08-03,26,0.05,Paid,Partner,9873.24,493.66,9379.58,5630.3,3749.28
T50565,C10160,P1271,2026-01-19,23,0.0,Paid,Direct,31153.5,0.0,31153.5,27090.09,4063.41
T50566,C10900,P1107,2026-02-25,21,0.02,Paid,Partner,8335.32,166.71,8168.61,7248.15,920.46
T50567,C10790,P1302,2025-05-10,25,0.0,Paid,Partner,21974.0,0.0,21974.0,19107.75,2866.25
T50568,C10409,P1157,2025-03-10,11,0.0,Paid,Direct,10855.9,0.0,10855.9,9439.87,1416.03
T50569,C10554,P1086,2025-10-27,26,0.0,Failed,Direct,38763.66,0.0,38763.66,26094.12,12669.54
T50570,C10963,P1257,2025-01-30,26,0.1,Paid,Online,28122.64,2812.26,25310.38,22409.4,2900.98
T50571,C10377,P1044,2026-01-06,7,0.0,Paid,Online,8792.21,0.0,8792.21,3677.03,5115.18
T50572,C10025,P1141,2025-09-13,3,0.0,Paid,Direct,5415.69,0.0,5415.69,1515.0,3900.69
T50573,C10145,P1273,2025-05-05,16,0.0,Paid,Direct,26186.08,0.0,26186.08,2256.64,23929.44
T50574,C10600,P1269,2025-12-14,22,0.05,Paid,Direct,9696.28,484.81,9211.47,8431.5,779.97
T50575,C10997,P1089,2025-08-06,25,0.02,Paid,Online,31955.25,639.1,31316.15,27787.25,3528.9
T50576,C10739,P1058,2025-08-14,5,0.15,Paid,Partner,4835.15,725.27,4109.88,3737.85,372.03
T50577,C10617,P1011,2025-05-06,11,0.05,Pending,Direct,13490.73,674.54,12816.19,5483.5,7332.69
T50578,C10323,P1031,2026-01-28,23,0.02,Paid,Online,17220.56,344.41,16876.15,5235.72,11640.43
T50579,C10439,P1288,2026-06-08,2,0.05,Paid,Direct,2697.02,134.85,2562.17,835.0,1727.17
T50580,C10038,P1274,2025-12-25,21,0.0,Paid,Direct,33633.39,0.0,33633.39,16175.67,17457.72
T50581,C10371,P1177,2025-05-18,9,0.2,Paid,Partner,7376.85,1475.37,5901.48,6414.66,-513.18
T50582,C10623,P1199,2026-04-29,1,0.2,Pending,Direct,361.16,72.23,288.93,256.53,32.4
T50583,C10905,P1114,2025-03-12,8,0.0,Paid,Partner,15393.52,0.0,15393.52,1550.96,13842.56
T50584,C10922,P1067,2025-06-18,22,0.05,Paid,Direct,17169.9,858.5,16311.4,7492.32,8819.08
T50585,C10821,P1004,2025-01-21,26,0.0,Paid,Partner,27461.46,0.0,27461.46,23879.44,3582.02
T50586,C10021,P1235,2026-05-08,3,0.02,Paid,Online,4826.07,96.52,4729.55,2476.71,2252.84
T50587,C10811,P1012,2025-01-27,14,0.1,Pending,Direct,6799.66,679.97,6119.69,2601.2,3518.49
T50588,C10218,P1036,2025-11-13,6,0.15,Paid,Direct,5042.88,756.43,4286.45,4385.1,-98.65
T50589,C10616,P1277,2025-04-22,20,0.0,Paid,Partner,39490.8,0.0,39490.8,17494.6,21996.2
T50590,C10946,P1203,2025-05-04,23,0.05,Paid,Direct,24908.77,1245.44,23663.33,11714.36,11948.97
T50591,C10887,P1171,2025-12-19,28,0.05,Paid,Partner,46809.0,2340.45,44468.55,31907.4,12561.15
T50592,C10664,P1076,2026-04-12,11,0.0,Pending,Partner,18820.34,0.0,18820.34,11567.49,7252.85
T50593,C10299,P1052,2025-01-11,9,0.05,Pending,Direct,12182.4,609.12,11573.28,6316.38,5256.9
T50594,C10520,P1163,2025-04-03,9,0.05,Paid,Online,15223.68,761.18,14462.5,1571.67,12890.83
T50595,C10703,P1125,2025-06-16,23,0.1,Paid,Direct,25193.05,2519.31,22673.74,21907.04,766.7
T50596,C10514,P1186,2026-07-02,13,0.2,Refunded,Direct,19927.96,3985.59,15942.37,2783.3,13159.07
T50597,C10404,P1057,2025-02-03,1,0.0,Paid,Direct,1336.51,0.0,1336.51,1162.18,174.33
T50598,C10402,P1081,2025-04-14,28,0.0,Paid,Partner,53954.32,0.0,53954.32,27847.68,26106.64
T50599,C10599,P1039,2025-08-23,4,0.0,Failed,Online,5923.04,0.0,5923.04,3525.04,2398.0
T50600,C10035,P1148,2025-07-08,27,0.0,Paid,Direct,42843.87,0.0,42843.87,18351.63,24492.24
T50601,C10998,P1096,2025-01-29,5,0.02,Failed,Direct,5769.4,115.39,5654.01,1378.0,4276.01
T50602,C10102,P1078,2025-11-10,16,0.15,Paid,Direct,26038.88,3905.83,22133.05,5721.28,16411.77
T50603,C10984,P1192,2025-12-19,10,0.02,Pending,Partner,9565.5,191.31,9374.19,8317.8,1056.39
T50604,C10035,P1174,2025-04-13,20,0.05,Paid,Direct,15274.8,763.74,14511.06,3729.2,10781.86
T50605,C10512,P1073,2026-02-04,12,0.02,Paid,Direct,25952.4,519.05,25433.35,5989.08,19444.27
T50606,C10417,P1244,2025-02-02,11,0.0,Paid,Direct,15634.41,0.0,15634.41,12099.01,3535.4
T50607,C10573,P1120,2026-03-01,14,0.1,Paid,Direct,26728.24,2672.82,24055.42,15273.58,8781.84
T50608,C10433,P1119,2025-05-31,29,0.05,Paid,Partner,41321.81,2066.09,39255.72,29719.2,9536.52
T50609,C10897,P1167,2025-05-11,8,0.02,Failed,Direct,8988.32,179.77,8808.55,7815.92,992.63
T50610,C10016,P1048,2025-04-24,7,0.15,Failed,Direct,12079.83,1811.97,10267.86,8052.1,2215.76
T50611,C10985,P1147,2026-05-19,2,0.02,Failed,Direct,4390.08,87.8,4302.28,895.52,3406.76
T50612,C10689,P1203,2025-10-19,22,0.0,Paid,Direct,23825.78,0.0,23825.78,11205.04,12620.74
T50613,C10778,P1045,2026-02-05,20,0.02,Paid,Direct,16876.8,337.54,16539.26,8341.2,8198.06
T50614,C10139,P1197,2025-04-29,18,0.05,Paid,Direct,10099.44,504.97,9594.47,8782.2,812.27
T50615,C10065,P1013,2025-02-02,1,0.02,Paid,Direct,1053.86,21.08,1032.78,916.4,116.38
T50616,C10397,P1211,2025-01-23,23,0.1,Paid,Direct,23378.81,2337.88,21040.93,20329.47,711.46
T50617,C10322,P1012,2025-09-13,24,0.02,Paid,Direct,11656.56,233.13,11423.43,4459.2,6964.23
T50618,C10782,P1061,2025-07-09,28,0.02,Paid,Partner,19431.72,388.63,19043.09,16897.16,2145.93
T50619,C10896,P1122,2026-03-22,27,0.1,Paid,Direct,32534.73,3253.47,29281.26,26413.29,2867.97
T50620,C10427,P1215,2026-04-03,8,0.02,Paid,Direct,7300.4,146.01,7154.39,6348.16,806.23
T50621,C10768,P1251,2025-06-30,21,0.02,Paid,Partner,29802.99,596.06,29206.93,7290.78,21916.15
T50622,C10059,P1164,2025-09-09,12,0.0,Paid,Direct,15569.88,0.0,15569.88,13539.0,2030.88
T50623,C10742,P1045,2025-08-10,18,0.02,Pending,Direct,15189.12,303.78,14885.34,7507.08,7378.26
T50624,C10099,P1135,2026-01-27,10,0.02,Failed,Partner,7133.9,142.68,6991.22,6152.2,839.02
T50625,C10667,P1275,2026-01-01,20,0.0,Paid,Direct,33281.8,0.0,33281.8,2548.6,30733.2
T50626,C10382,P1031,2026-01-13,28,0.05,Failed,Online,20964.16,1048.21,19915.95,6373.92,13542.03
T50627,C10415,P1250,2025-02-02,19,0.0,Pending,Direct,36088.79,0.0,36088.79,18575.54,17513.25
T50628,C10276,P1135,2025-07-16,27,0.0,Paid,Online,19261.53,0.0,19261.53,16610.94,2650.59
T50629,C10403,P1001,2026-07-15,28,0.05,Paid,Partner,59213.84,2960.69,56253.15,15884.68,40368.47
T50630,C10874,P1243,2025-07-18,4,0.0,Paid,Direct,1507.16,0.0,1507.16,1207.96,299.2
T50631,C10808,P1009,2025-04-12,28,0.05,Paid,Direct,30417.8,1520.89,28896.91,26450.2,2446.71
T50632,C10340,P1129,2025-04-26,24,0.05,Paid,Partner,45556.8,2277.84,43278.96,24971.52,18307.44
T50633,C10293,P1068,2025-01-16,13,0.0,Paid,Direct,17899.44,0.0,17899.44,8767.98,9131.46
T50634,C10509,P1204,2026-03-29,18,0.0,Failed,Direct,21743.64,0.0,21743.64,16150.5,5593.14
T50635,C10684,P1019,2025-01-04,18,0.02,Paid,Online,7924.86,158.5,7766.36,4530.24,3236.12
T50636,C10182,P1031,2025-12-12,23,0.0,Paid,Partner,17220.56,0.0,17220.56,5235.72,11984.84
T50637,C10726,P1185,2025-08-20,24,0.02,Refunded,Online,52539.36,1050.79,51488.57,26951.52,24537.05
T50638,C10948,P1347,2025-02-24,3,0.05,Failed,Partner,6472.23,323.61,6148.62,756.15,5392.47
T50639,C10844,P1013,2026-05-28,1,0.05,Paid,Partner,1053.86,52.69,1001.17,916.4,84.77
T50640,C10548,P1161,2026-03-07,8,0.02,Paid,Partner,8094.24,161.88,7932.36,1492.08,6440.28
T50641,C10319,P1280,2026-04-21,16,0.15,Refunded,Partner,7113.92,1067.09,6046.83,4568.96,1477.87
T50642,C10323,P1101,2026-06-28,25,0.0,Paid,Online,44426.25,0.0,44426.25,10903.75,33522.5
T50643,C10741,P1172,2026-06-13,19,0.15,Pending,Partner,25859.57,3878.94,21980.63,6912.01,15068.62
T50644,C10454,P1293,2026-02-11,4,0.1,Paid,Direct,5698.68,569.87,5128.81,985.0,4143.81
T50645,C10106,P1254,2025-11-06,21,0.02,Paid,Partner,39978.96,799.58,39179.38,20518.68,18660.7
T50646,C10677,P1102,2026-02-09,14,0.0,Paid,Direct,10385.62,0.0,10385.62,9030.98,1354.64
T50647,C10138,P1262,2025-09-18,11,0.0,Paid,Online,8829.92,0.0,8829.92,7095.77,1734.15
T50648,C10986,P1236,2025-04-16,23,0.15,Paid,Partner,21375.28,3206.29,18168.99,18587.22,-418.23
T50649,C10417,P1177,2025-08-12,9,0.0,Paid,Partner,7376.85,0.0,7376.85,6414.66,962.19
T50650,C10341,P1154,2025-09-28,18,0.15,Paid,,16182.54,2427.38,13755.16,7249.14,6506.02
T50651,C10055,P1323,2025-01-27,6,0.02,Paid,Direct,3339.18,66.78,3272.4,2903.64,368.76
T50652,C10167,P1305,2026-05-07,12,0.02,Paid,Direct,16824.96,336.5,16488.46,6454.08,10034.38
T50653,C10947,P1346,2026-06-12,17,0.05,Pending,Partner,9714.99,485.75,9229.24,8447.81,781.43
T50654,C10537,P1236,2025-09-01,19,0.0,Paid,Partner,17657.84,0.0,17657.84,15354.66,2303.18
T50655,C10901,P1125,2025-10-15,27,0.02,Paid,Direct,29574.45,591.49,28982.96,25716.96,3266.0
T50656,C10955,P1038,2026-05-03,9,0.15,Paid,Direct,13113.54,1967.03,11146.51,8825.58,2320.93
T50657,C10048,P1044,2025-09-21,26,0.0,Pending,Direct,32656.78,0.0,32656.78,13657.54,18999.24
T50658,C10380,P1332,2026-02-04,24,0.15,Paid,Direct,46815.6,7022.34,39793.26,24428.88,15364.38
T50659,C10838,P1127,2025-10-26,11,0.2,Paid,Online,16794.91,3358.98,13435.93,7484.4,5951.53
T50660,C10495,P1038,2025-06-07,5,0.0,Paid,Online,7285.3,0.0,7285.3,4903.1,2382.2
T50661,C10508,P1078,2026-04-06,8,0.02,Failed,Partner,13019.44,260.39,12759.05,2860.64,9898.41
T50662,C10570,P1007,2025-04-22,20,0.0,Refunded,Direct,18901.6,0.0,18901.6,13222.4,5679.2
T50663,C10701,P1185,2025-05-11,23,0.05,Paid,Direct,50350.22,2517.51,47832.71,25828.54,22004.17
T50664,C10938,P1206,2026-02-06,18,0.2,Paid,Online,23359.5,4671.9,18687.6,20312.64,-1625.04
T50665,C10886,P1132,2026-02-16,22,0.15,Paid,Online,20146.72,3022.01,17124.71,17518.82,-394.11
T50666,C10625,P1260,2026-07-08,3,0.15,Paid,Direct,2673.45,401.02,2272.43,918.0,1354.43
T50667,C10576,P1168,2026-02-17,15,0.0,Paid,Partner,12849.9,0.0,12849.9,11173.8,1676.1
T50668,C10360,P1335,2025-01-15,26,0.02,Paid,Direct,43433.52,868.67,42564.85,4178.46,38386.39
T50669,C10116,P1267,2026-05-08,12,0.0,Refunded,Direct,12458.4,0.0,12458.4,10833.36,1625.04
T50670,C10709,P1026,2025-08-29,27,0.15,Refunded,Online,36280.44,5442.07,30838.37,31548.15,-709.78
T50671,C10002,P1095,2025-01-06,4,0.0,Paid,Online,6974.2,0.0,6974.2,568.16,6406.04
T50672,C10698,P1263,2025-12-02,29,0.0,Paid,Online,51863.31,0.0,51863.31,26523.69,25339.62
T50673,C10496,P1188,2025-04-09,23,0.0,Paid,Direct,46005.52,0.0,46005.52,4099.29,41906.23
T50674,C10786,P1263,2025-08-30,19,0.0,Paid,Direct,33979.41,0.0,33979.41,17377.59,16601.82
T50675,C10949,P1117,2025-10-01,18,0.0,Paid,Online,23097.42,0.0,23097.42,20084.76,3012.66
T50676,C10552,P1013,2025-02-13,28,0.0,Paid,Partner,29508.08,0.0,29508.08,25659.2,3848.88
T50677,C10572,P1274,2026-05-09,11,0.1,Paid,Direct,17617.49,1761.75,15855.74,8472.97,7382.77
T50678,C10487,P1274,2025-10-24,5,0.1,Paid,Direct,8007.95,800.8,7207.15,3851.35,3355.8
T50679,C10372,P1223,2026-07-14,27,0.0,Paid,Direct,47255.13,0.0,47255.13,16026.39,31228.74
T50680,C10088,P1141,2025-09-27,3,0.1,Paid,Partner,5415.69,541.57,4874.12,1515.0,3359.12
T50681,C10030,P1002,2025-12-12,20,0.02,Paid,Online,43814.0,876.28,42937.72,23829.2,19108.52
T50682,C10723,P1254,2026-04-17,8,0.1,Paid,Direct,15230.08,1523.01,13707.07,7816.64,5890.43
T50683,C10914,P1231,2025-05-04,27,0.0,Paid,Direct,22356.27,0.0,22356.27,10745.46,11610.81
T50684,C10053,P1233,2026-06-12,29,0.05,Paid,Direct,7237.53,361.88,6875.65,5776.51,1099.14
T50685,C10327,P1059,2025-04-18,14,0.02,Paid,Partner,28427.56,568.55,27859.01,15749.86,12109.15
T50686,C10608,P1255,2026-08-01,16,0.0,Paid,Direct,20592.0,0.0,20592.0,17906.08,2685.92
T50687,C10704,P1253,2026-01-06,14,0.05,Paid,Direct,24283.28,1214.16,23069.12,2017.4,21051.72
T50688,C10735,P1300,2025-10-28,13,0.1,Paid,Partner,6297.98,629.8,5668.18,5476.51,191.67
T50689,C10694,P1198,2025-05-02,28,0.1,Paid,Direct,59291.12,5929.11,53362.01,12100.76,41261.25
T50690,C10083,P1256,2025-11-27,9,0.02,Failed,,18301.77,366.04,17935.73,8502.84,9432.89
T50691,C10253,P1140,2025-11-17,28,0.02,Refunded,Partner,45392.48,907.85,44484.63,12510.4,31974.23
T50692,C10469,P1243,2026-07-25,19,0.1,Paid,Direct,7159.01,715.9,6443.11,5737.81,705.3
T50693,C10063,P1242,2026-04-30,28,0.0,Failed,Partner,30589.44,0.0,30589.44,26599.44,3990.0
T50694,C10343,P1272,2025-10-08,18,0.0,Paid,Partner,15834.06,0.0,15834.06,13768.74,2065.32
T50695,C10385,P1299,2025-08-15,24,0.02,Paid,Partner,44743.2,894.86,43848.34,9394.56,34453.78
T50696,C10978,P1001,2025-08-13,15,0.0,Paid,Partner,31721.7,0.0,31721.7,8509.65,23212.05
T50697,C10317,P1272,2025-08-08,14,0.02,Paid,Direct,12315.38,246.31,12069.07,10709.02,1360.05
T50698,C10971,P1277,2025-01-08,8,0.0,Paid,Direct,15796.32,0.0,15796.32,6997.84,8798.48
T50699,C10700,P1190,2025-01-21,7,0.05,Paid,Direct,4418.19,220.91,4197.28,3841.88,355.4
T50700,C10692,P1181,2026-03-12,2,0.05,Paid,Direct,3547.1,177.36,3369.74,1871.18,1498.56
T50701,C10819,P1252,2025-05-28,12,0.1,Pending,Direct,14232.48,1423.25,12809.23,12376.08,433.15
T50702,C10842,P1159,2025-08-27,29,0.05,Paid,Direct,42073.49,2103.67,39969.82,6610.84,33358.98
T50703,C10222,P1144,2026-02-09,28,0.02,Failed,Partner,36795.64,735.91,36059.73,31996.16,4063.57
T50704,C10420,P1281,2025-12-19,21,0.15,Pending,Direct,32987.85,4948.18,28039.67,24730.23,3309.44
T50705,C10528,P1276,2025-07-29,11,0.05,Pending,Online,13538.58,676.93,12861.65,11772.64,1089.01
T50706,C10976,P1072,2026-03-13,16,0.02,Paid,Partner,23187.68,463.75,22723.93,8673.28,14050.65
T50707,C10040,P1290,2025-04-02,22,0.0,Paid,Direct,43768.34,0.0,43768.34,19002.5,24765.84
T50708,C10476,P1114,2025-10-02,1,0.05,Paid,Partner,1924.19,96.21,1827.98,193.87,1634.11
T50709,C10214,P1048,2025-03-03,27,0.05,Refunded,Direct,46593.63,2329.68,44263.95,31058.1,13205.85
T50710,C10206,P1307,2025-11-05,26,0.05,Paid,Online,25015.64,1250.78,23764.86,19211.4,4553.46
T50711,C10761,P1083,2025-02-25,29,0.1,Paid,Online,47892.05,4789.21,43102.84,4481.95,38620.89
T50712,C10201,P1071,2026-07-01,3,0.15,Paid,Partner,4773.66,716.05,4057.61,2266.44,1791.17
T50713,C10793,P1094,2026-01-18,28,0.15,Paid,Partner,6550.32,982.55,5567.77,2903.32,2664.45
T50714,C10993,P1172,2025-05-23,18,0.05,Pending,Online,24498.54,1224.93,23273.61,6548.22,16725.39
T50715,C10776,P1058,2025-12-22,17,0.2,Paid,Partner,16439.51,3287.9,13151.61,12708.69,442.92
T50716,C10169,P1055,2025-07-22,6,0.15,Paid,Online,7035.42,1055.31,5980.11,1423.08,4557.03
T50717,C10142,P1137,2025-10-28,15,0.0,Paid,Direct,8018.55,0.0,8018.55,5107.2,2911.35
T50718,C10437,P1076,2025-04-08,11,0.05,Paid,Online,18820.34,941.02,17879.32,11567.49,6311.83
T50719,C10551,P1067,2025-10-18,29,0.0,Paid,Partner,22633.05,0.0,22633.05,9876.24,12756.81
T50720,C10778,P1319,2025-03-03,10,0.0,Paid,Direct,11062.1,0.0,11062.1,9619.2,1442.9
T50721,C10422,P1208,2025-03-30,7,0.0,Paid,Online,6567.61,0.0,6567.61,4318.23,2249.38
T50722,C10167,P1004,2025-12-05,28,0.02,Refunded,Partner,29573.88,591.48,28982.4,25716.32,3266.08
T50723,C10991,P1035,2025-10-18,6,0.0,Paid,Online,5917.26,0.0,5917.26,5145.42,771.84
T50724,C10904,P1284,2025-06-20,27,0.0,Refunded,Direct,58944.78,0.0,58944.78,21405.06,37539.72
T50725,C10654,P1094,2025-02-04,28,0.0,Paid,Partner,6550.32,0.0,6550.32,2903.32,3647.0
T50726,C10695,P1053,2025-09-03,9,0.05,Paid,Partner,17037.54,851.88,16185.66,7110.45,9075.21
T50727,C10935,P1232,2026-06-21,20,0.15,Paid,Direct,41145.8,6171.87,34973.93,20346.4,14627.53
T50728,C10474,P1293,2026-02-15,24,0.2,Paid,Partner,34192.08,6838.42,27353.66,5910.0,21443.66
T50729,C10145,P1139,2025-02-03,16,0.02,Paid,Partner,13615.2,272.3,13342.9,7845.76,5497.14
T50730,C10605,P1260,2026-06-28,21,0.0,Paid,Direct,18714.15,0.0,18714.15,6426.0,12288.15
T50731,C10450,P1147,2025-09-03,4,0.1,Paid,Partner,8780.16,878.02,7902.14,1791.04,6111.1
T50732,C10799,P1038,2025-11-30,15,0.0,Pending,Direct,21855.9,0.0,21855.9,14709.3,7146.6
T50733,C10771,P1279,2025-01-01,15,0.2,Pending,Partner,6125.25,1225.05,4900.2,2740.95,2159.25
T50734,C10471,P1321,2025-06-29,17,0.05,Paid,Online,16315.92,815.8,15500.12,9574.23,5925.89
T50735,C10367,P1344,2026-04-01,28,0.02,Paid,Direct,32406.92,648.14,31758.78,28180.04,3578.74
T50736,C10422,P1035,2025-07-11,24,0.0,Paid,Direct,23669.04,0.0,23669.04,20581.68,3087.36
T50737,C10632,P1197,2025-04-07,18,0.0,Paid,Direct,10099.44,0.0,10099.44,8782.2,1317.24
T50738,C10637,P1218,2025-02-22,12,0.02,Paid,Direct,11708.28,234.17,11474.11,10181.16,1292.95
T50739,C10511,P1027,2026-06-21,12,0.02,Pending,Online,8843.4,176.87,8666.53,7689.96,976.57
T50740,C10531,P1333,2026-04-17,1,0.1,Paid,Direct,927.06,92.71,834.35,633.44,200.91
T50741,C10991,P1036,2025-01-26,16,0.05,Paid,Direct,13447.68,672.38,12775.3,11693.6,1081.7
T50742,C10253,P1094,2026-06-21,8,0.02,Paid,Direct,1871.52,37.43,1834.09,829.52,1004.57
T50743,C10173,P1338,2026-04-22,26,0.0,Paid,Partner,34277.36,0.0,34277.36,10251.28,24026.08
T50744,C10799,P1194,2025-07-28,23,0.02,Paid,Partner,48494.81,969.9,47524.91,24981.91,22543.0
T50745,C10935,P1237,2026-01-16,27,0.0,Failed,Direct,6672.24,0.0,6672.24,4894.83,1777.41
T50746,C10608,P1172,2025-05-30,29,0.05,Paid,Direct,39469.87,1973.49,37496.38,10549.91,26946.47
T50747,C10401,P1263,2025-05-25,12,0.05,Pending,Direct,21460.68,1073.03,20387.65,10975.32,9412.33
T50748,C10348,P1028,2026-02-19,13,0.1,Pending,Direct,26124.28,2612.43,23511.85,3135.21,20376.64
T50749,C10467,P1236,2025-04-28,18,0.02,Paid,Direct,16728.48,334.57,16393.91,14546.52,1847.39
T50750,C10052,P1023,2025-07-26,13,0.0,Paid,Partner,22079.59,0.0,22079.59,3900.13,18179.46
T50751,C10528,P1062,2025-07-27,9,0.1,Paid,Direct,9925.02,992.5,8932.52,8630.46,302.06
T50752,C10269,P1177,2025-03-29,21,0.05,Paid,Direct,17212.65,860.63,16352.02,14967.54,1384.48
T50753,C10265,P1156,2026-04-26,14,0.05,Paid,Partner,7896.84,394.84,7502.0,4293.66,3208.34
T50754,C10560,P1053,2026-01-26,28,0.02,Paid,Partner,53005.68,1060.11,51945.57,22121.4,29824.17
T50755,C10963,P1279,2026-05-15,7,0.15,Paid,Direct,2858.45,428.77,2429.68,1279.11,1150.57
T50756,C10205,P1105,2025-10-31,13,0.0,Refunded,Direct,26593.32,0.0,26593.32,1672.97,24920.35
T50757,C10911,P1303,2025-04-12,16,0.02,Paid,Partner,31063.52,621.27,30442.25,12652.48,17789.77
T50758,C10519,P1005,2025-06-12,27,0.1,Paid,Direct,42112.17,4211.22,37900.95,29097.63,8803.32
T50759,C10972,P1083,2025-07-24,17,0.0,Paid,Partner,28074.65,0.0,28074.65,2627.35,25447.3
T50760,C10382,P1103,2026-07-01,3,0.1,Paid,Partner,3866.1,386.61,3479.49,3180.03,299.46
T50761,C10996,P1208,2025-05-18,10,0.02,Paid,Online,9382.3,187.65,9194.65,6168.9,3025.75
T50762,C10659,P1140,2026-02-06,26,0.0,Paid,Direct,42150.16,0.0,42150.16,11616.8,30533.36
T50763,C10669,P1054,2025-03-13,8,0.0,Paid,Direct,6785.68,0.0,6785.68,1588.88,5196.8
T50764,C10563,P1199,2026-07-09,10,0.1,Paid,Online,3611.6,361.16,3250.44,2565.3,685.14
T50765,C10451,P1335,2026-01-10,5,0.1,Paid,Direct,8352.6,835.26,7517.34,803.55,6713.79
T50766,C10525,P1046,2025-09-07,21,0.0,Paid,Direct,39504.78,0.0,39504.78,13171.41,26333.37
T50767,C10850,P1088,2025-07-20,5,0.0,Pending,Partner,10841.95,0.0,10841.95,1205.7,9636.25
T50768,C10792,P1167,2025-07-25,11,0.0,Paid,Direct,12358.94,0.0,12358.94,10746.89,1612.05
T50769,C10023,P1254,2025-05-11,21,0.0,Paid,Partner,39978.96,0.0,39978.96,20518.68,19460.28
T50770,C10694,P1047,2025-12-14,26,0.05,Paid,Online,29621.02,1481.05,28139.97,21382.66,6757.31
T50771,C10834,P1080,2026-05-18,7,0.0,Paid,Partner,12271.77,0.0,12271.77,6408.78,5862.99
T50772,C10744,P1082,2025-05-20,10,0.0,Paid,Direct,3839.1,0.0,3839.1,1979.1,1860.0
T50773,C10497,P1215,2026-03-11,4,0.0,Paid,Online,3650.2,0.0,3650.2,3174.08,476.12
T50774,C10335,P1028,2025-11-25,13,0.05,Failed,Partner,26124.28,1306.21,24818.07,3135.21,21682.86
T50775,C10673,P1230,2026-03-25,29,0.05,Paid,Direct,35507.6,1775.38,33732.22,30876.3,2855.92
T50776,C10663,P1148,2026-03-23,9,0.05,Paid,Partner,14281.29,714.06,13567.23,6117.21,7450.02
T50777,C10374,P1114,2025-01-23,8,0.05,Paid,Direct,15393.52,769.68,14623.84,1550.96,13072.88
T50778,C10406,P1301,2025-01-13,12,0.2,Paid,Direct,16454.52,3290.9,13163.62,6711.0,6452.62
T50779,C10368,P1286,2026-06-15,26,0.02,Paid,Partner,7252.18,145.04,7107.14,6306.3,800.84
T50780,C10044,P1281,2025-04-01,16,0.1,Pending,Direct,25133.6,2513.36,22620.24,18842.08,3778.16
T50781,C10031,P1309,2025-11-30,18,0.05,Paid,Direct,29480.94,1474.05,28006.89,2167.02,25839.87
T50782,C10083,P1081,2026-03-13,23,0.0,Failed,Partner,44319.62,0.0,44319.62,22874.88,21444.74
T50783,C10423,P1299,2025-10-20,21,0.1,Paid,Direct,39150.3,3915.03,35235.27,8220.24,27015.03
T50784,C10510,P1061,2025-01-04,18,0.05,Paid,Direct,12491.82,624.59,11867.23,10862.46,1004.77
T50785,C10408,P1115,2025-01-07,17,0.05,Failed,Direct,28319.11,1415.96,26903.15,17228.99,9674.16
T50786,C10955,P1194,2026-01-24,16,0.0,Paid,Partner,33735.52,0.0,33735.52,17378.72,16356.8
T50787,C10224,P1260,2026-06-05,6,0.02,Paid,Online,5346.9,106.94,5239.96,1836.0,3403.96
T50788,C10392,P1202,2025-07-19,13,0.15,Paid,,8528.26,1279.24,7249.02,7415.85,-166.83
T50789,C10247,P1195,2025-11-12,25,0.0,Pending,Partner,30027.5,0.0,30027.5,23351.0,6676.5
T50790,C10299,P1131,2026-06-26,2,0.0,Failed,Direct,3798.72,0.0,3798.72,1022.6,2776.12
T50791,C10584,P1207,2026-04-24,25,0.0,Paid,Direct,27425.75,0.0,27425.75,23848.5,3577.25
T50792,C10309,P1166,2025-11-10,17,0.02,Paid,Direct,33810.28,676.21,33134.07,19617.15,13516.92
T50793,C10317,P1167,2026-01-16,11,0.1,Paid,Direct,12358.94,1235.89,11123.05,10746.89,376.16
T50794,C10670,P1205,2026-07-12,4,0.05,Paid,Direct,3217.0,160.85,3056.15,2797.4,258.75
T50795,C10830,P1210,2026-04-08,23,0.15,Paid,Partner,36369.67,5455.45,30914.22,27255.69,3658.53
T50796,C10212,P1115,2025-08-30,1,0.02,Paid,Partner,1665.83,33.32,1632.51,1013.47,619.04
T50797,C10111,P1047,2026-02-06,16,0.02,Pending,Online,18228.32,364.57,17863.75,13158.56,4705.19
T50798,C10239,P1104,2025-07-10,5,0.0,Paid,Online,8971.1,0.0,8971.1,5166.35,3804.75
T50799,C10577,P1143,2026-06-19,27,0.0,Paid,Direct,20453.58,0.0,20453.58,11137.5,9316.08
T50800,C10959,P1056,2025-02-24,6,0.05,Refunded,Direct,7436.34,371.82,7064.52,3296.46,3768.06
T50801,C10160,P1062,2025-05-11,24,0.0,Paid,Direct,26466.72,0.0,26466.72,23014.56,3452.16
T50802,C10042,P1332,2025-07-20,17,0.0,Paid,Direct,33161.05,0.0,33161.05,17303.79,15857.26
T50803,C10528,P1098,2025-04-28,2,0.15,Paid,Online,2206.4,330.96,1875.44,1484.16,391.28
T50804,C10990,P1258,2025-12-12,21,0.05,Paid,Direct,29127.42,1456.37,27671.05,21389.34,6281.71
T50805,C10552,P1044,2026-02-18,26,0.0,Paid,Direct,32656.78,0.0,32656.78,13657.54,18999.24
T50806,C10924,P1340,2026-06-01,7,0.05,Paid,Direct,14022.05,701.1,13320.95,1916.25,11404.7
T50807,C10642,P1074,2025-10-18,29,0.02,Paid,Online,41230.17,824.6,40405.57,16152.71,24252.86
T50808,C10031,P1137,2025-12-27,24,0.1,Paid,Direct,12829.68,1282.97,11546.71,8171.52,3375.19
T50809,C10427,P1273,2025-12-14,22,0.05,Paid,Partner,36005.86,1800.29,34205.57,3102.88,31102.69
T50810,C10770,P1070,2025-01-02,10,0.0,Paid,Direct,12096.5,0.0,12096.5,10518.7,1577.8
T50811,C10509,P1192,2026-02-15,4,0.0,Paid,Direct,3826.2,0.0,3826.2,3327.12,499.08
T50812,C10194,P1274,2025-01-14,13,0.0,Failed,Direct,20820.67,0.0,20820.67,10013.51,10807.16
T50813,C10180,P1008,2025-11-14,24,0.05,Paid,Partner,35131.68,1756.58,33375.1,10412.16,22962.94
T50814,C10663,P1008,2026-08-03,18,0.02,Paid,Partner,26348.76,526.98,25821.78,7809.12,18012.66
T50815,C10463,P1275,2026-04-02,19,0.05,Paid,Direct,31617.71,1580.89,30036.82,2421.17,27615.65
T50816,C10574,P1091,2025-10-21,23,0.02,Paid,Direct,38811.81,776.24,38035.57,9174.47,28861.1
T50817,C10373,P1318,2025-07-04,10,0.0,Paid,Direct,9863.2,0.0,9863.2,4341.6,5521.6
T50818,C10339,P1324,2026-05-01,2,0.0,Paid,Direct,4242.36,0.0,4242.36,1308.54,2933.82
T50819,C10666,P1308,2026-05-14,26,0.0,Paid,Direct,40017.12,0.0,40017.12,11312.34,28704.78
T50820,C10007,P1348,2025-08-02,18,0.02,Pending,Direct,16616.7,332.33,16284.37,13552.92,2731.45
T50821,C10434,P1288,2025-03-04,17,0.05,Paid,Partner,22924.67,1146.23,21778.44,7097.5,14680.94
T50822,C10370,P1134,2025-12-04,17,0.15,Paid,Partner,16383.41,2457.51,13925.9,4021.18,9904.72
T50823,C10779,P1347,2026-01-03,25,0.0,Paid,Partner,53935.25,0.0,53935.25,6301.25,47634.0
T50824,C10728,P1121,2026-06-26,23,0.05,Paid,Partner,31134.87,1556.74,29578.13,27073.76,2504.37
T50825,C10425,P1205,2026-06-01,20,0.0,Paid,Online,16085.0,0.0,16085.0,13987.0,2098.0
T50826,C10262,P1001,2025-05-13,23,0.05,Paid,Online,48639.94,2432.0,46207.94,13048.13,33159.81
T50827,C10235,P1336,2025-05-27,9,0.0,Paid,Direct,14839.47,0.0,14839.47,9207.27,5632.2
T50828,C10211,P1207,2026-08-02,21,0.05,Failed,Direct,23037.63,1151.88,21885.75,20032.74,1853.01
T50829,C10273,P1332,2025-07-09,29,0.0,Paid,Direct,56568.85,0.0,56568.85,29518.23,27050.62
T50830,C10760,P1123,2025-09-23,7,0.0,Paid,Online,10769.08,0.0,10769.08,6671.07,4098.01
T50831,C10045,P1109,2025-06-27,17,0.05,Paid,Direct,14071.75,703.59,13368.16,12236.26,1131.9
T50832,C10026,P1182,2025-08-17,20,0.02,Paid,Direct,35136.8,702.74,34434.06,19503.0,14931.06
T50833,C10539,P1302,2025-11-24,15,0.02,Paid,Direct,13184.4,263.69,12920.71,11464.65,1456.06
T50834,C10223,P1192,2025-06-19,29,0.0,Paid,Partner,27739.95,0.0,27739.95,24121.62,3618.33
T50835,C10830,P1277,2025-08-28,12,0.2,Paid,Partner,23694.48,4738.9,18955.58,10496.76,8458.82
T50836,C10752,P1075,2025-07-24,7,0.0,Paid,Partner,7902.23,0.0,7902.23,5671.12,2231.11
T50837,C10769,P1271,2025-03-04,4,0.02,Paid,Partner,5418.0,108.36,5309.64,4711.32,598.32
T50838,C10457,P1256,2026-04-02,25,0.1,Paid,Online,50838.25,5083.83,45754.42,23619.0,22135.42
T50839,C10437,P1313,2026-06-01,20,0.05,Paid,Direct,20190.2,1009.51,19180.69,14423.0,4757.69
T50840,C10425,P1020,2025-10-13,17,0.0,Paid,Online,18171.3,0.0,18171.3,4773.26,13398.04
T50841,C10196,P1134,2025-04-29,13,0.05,Paid,Partner,12528.49,626.42,11902.07,3075.02,8827.05
T50842,C10567,P1031,2026-01-08,12,0.0,Paid,Direct,8984.64,0.0,8984.64,2731.68,6252.96
T50843,C10863,P1140,2025-11-06,28,0.02,Paid,Online,45392.48,907.85,44484.63,12510.4,31974.23
T50844,C10256,P1265,2025-11-16,20,0.02,Failed,Online,23765.2,475.3,23289.9,20665.4,2624.5
T50845,C10056,P1224,2025-12-11,28,0.1,Pending,Partner,52485.16,5248.52,47236.64,16110.92,31125.72
T50846,C10564,P1263,2026-02-21,24,0.1,Paid,Online,42921.36,4292.14,38629.22,21950.64,16678.58
T50847,C10399,P1258,2025-01-24,23,0.0,Paid,Direct,31901.46,0.0,31901.46,23426.42,8475.04
T50848,C10797,P1347,2025-02-27,17,0.0,Failed,Direct,36675.97,0.0,36675.97,4284.85,32391.12
T50849,C10856,P1307,2025-02-25,8,0.02,Pending,Direct,7697.12,153.94,7543.18,5911.2,1631.98
T50850,C10950,P1205,2025-03-31,19,0.02,Paid,Online,15280.75,305.62,14975.13,13287.65,1687.48
T50851,C10393,P1306,2026-07-18,21,0.02,Paid,Partner,26979.96,539.6,26440.36,6798.54,19641.82
T50852,C10901,P1016,2026-02-28,16,0.05,Paid,Online,20635.84,1031.79,19604.05,5598.24,14005.81
T50853,C10117,P1252,2026-01-21,1,0.02,Pending,Partner,1186.04,23.72,1162.32,1031.34,130.98
T50854,C10372,P1182,2026-02-10,28,0.15,Failed,Partner,49191.52,7378.73,41812.79,27304.2,14508.59
T50855,C10265,P1334,2025-01-20,24,0.02,Pending,Direct,29037.36,580.75,28456.61,5034.24,23422.37
T50856,C10923,P1176,2025-05-04,11,0.0,Paid,Direct,8922.21,0.0,8922.21,2990.35,5931.86
T50857,C10600,P1062,2026-04-06,15,0.0,Pending,Direct,16541.7,0.0,16541.7,14384.1,2157.6
T50858,C10365,P1253,2025-09-26,4,0.05,Paid,Partner,6938.08,346.9,6591.18,576.4,6014.78
T50859,C10152,P1332,2025-10-22,28,0.0,Paid,Direct,54618.2,0.0,54618.2,28500.36,26117.84
T50860,C10782,P1005,2026-03-12,7,0.0,Paid,Online,10917.97,0.0,10917.97,7543.83,3374.14
T50861,C10654,P1022,2025-02-13,11,0.0,Paid,Partner,13402.84,0.0,13402.84,11654.61,1748.23
T50862,C10852,P1231,2026-04-09,13,0.05,Paid,Direct,10764.13,538.21,10225.92,5173.74,5052.18
T50863,C10438,P1194,2026-01-30,8,0.15,Paid,Online,16867.76,2530.16,14337.6,8689.36,5648.24
T50864,C10149,P1192,2025-08-23,19,0.02,Paid,Partner,18174.45,363.49,17810.96,15803.82,2007.14
T50865,C10334,P1031,2025-10-17,29,0.0,Pending,Partner,21712.88,0.0,21712.88,6601.56,15111.32
T50866,C10620,P1200,2025-02-13,25,0.02,Paid,Direct,7058.75,141.18,6917.57,6138.0,779.57
T50867,C10240,P1198,2025-04-29,16,0.02,Paid,Direct,33880.64,677.61,33203.03,6914.72,26288.31
T50868,C10070,P1297,2025-05-23,4,0.2,Paid,Direct,3017.0,603.4,2413.6,854.08,1559.52
T50869,C10823,P1136,2026-05-25,26,0.02,Paid,Direct,51153.44,1023.07,50130.37,14219.92,35910.45
T50870,C10530,P1121,2025-03-07,8,0.05,Paid,Partner,10829.52,541.48,10288.04,9416.96,871.08
T50871,C10396,P1028,2025-06-19,27,0.15,Paid,Online,54258.12,8138.72,46119.4,6511.59,39607.81
T50872,C10552,P1198,2025-03-18,12,0.05,Paid,Online,25410.48,1270.52,24139.96,5186.04,18953.92
T50873,C10738,P1226,2025-06-15,16,0.0,Paid,Direct,20399.2,0.0,20399.2,17738.4,2660.8
T50874,C10001,P1098,2025-01-07,13,0.05,Pending,Online,14341.6,717.08,13624.52,9647.04,3977.48
T50875,C10440,P1255,2025-06-08,14,0.02,Paid,Direct,18018.0,360.36,17657.64,15667.82,1989.82
T50876,C10254,P1328,2026-02-24,5,0.02,Paid,Direct,10103.95,202.08,9901.87,3220.35,6681.52
T50877,C10091,P1060,2026-03-22,17,0.2,Paid,Partner,24534.57,4906.91,19627.66,16674.96,2952.7
T50878,C10035,P1200,2025-08-09,12,0.0,Failed,Online,3388.2,0.0,3388.2,2946.24,441.96
T50879,C10440,P1243,2026-02-14,25,0.02,Paid,Online,9419.75,188.4,9231.35,7549.75,1681.6
T50880,C10543,P1006,2025-12-25,14,0.0,Paid,Partner,22345.12,0.0,22345.12,15129.24,7215.88
T50881,C10507,P1062,2026-06-08,28,0.0,Paid,Direct,30877.84,0.0,30877.84,26850.32,4027.52
T50882,C10782,P1138,2026-04-12,9,0.05,Paid,Direct,5088.15,254.41,4833.74,4424.49,409.25
T50883,C10457,P1048,2025-05-14,10,0.1,Pending,Direct,17256.9,1725.69,15531.21,11503.0,4028.21
T50884,C10589,P1124,2025-12-08,2,0.05,Paid,Partner,1839.04,91.95,1747.09,1599.16,147.93
T50885,C10816,P1051,2026-04-02,22,0.0,Paid,Direct,44320.76,0.0,44320.76,2372.48,41948.28
T50886,C10657,P1313,2025-06-27,3,0.0,Pending,Direct,3028.53,0.0,3028.53,2163.45,865.08
T50887,C10910,P1209,2025-11-29,9,0.02,Pending,Direct,5190.75,103.82,5086.93,4513.68,573.25
T50888,C10221,P1115,2025-08-21,27,0.02,Paid,Partner,44977.41,899.55,44077.86,27363.69,16714.17
T50889,C10786,P1272,2025-06-29,18,0.1,Paid,Partner,15834.06,1583.41,14250.65,13768.74,481.91
T50890,C10696,P1006,2025-04-26,17,0.05,Paid,Direct,27133.36,1356.67,25776.69,18371.22,7405.47
T50891,C10582,P1208,2025-01-21,24,0.15,Paid,Direct,22517.52,3377.63,19139.89,14805.36,4334.53
T50892,C10003,P1239,2026-03-11,23,0.1,Pending,Partner,46772.57,4677.26,42095.31,2587.04,39508.27
T50893,C10541,P1283,2026-04-20,26,0.02,Pending,Partner,30938.7,618.77,30319.93,24912.42,5407.51
T50894,C10858,P1077,2026-01-14,20,0.05,Paid,Direct,40036.4,2001.82,38034.58,11767.2,26267.38
T50895,C10644,P1207,2025-05-20,14,0.05,Paid,Direct,15358.42,767.92,14590.5,13355.16,1235.34
T50896,C10005,P1268,2025-01-11,4,0.2,Paid,Online,1362.56,272.51,1090.05,1184.84,-94.79
T50897,C10287,P1279,2026-01-02,11,0.02,Paid,Partner,4491.85,89.84,4402.01,2010.03,2391.98
T50898,C10569,P1061,2025-04-26,21,0.05,Pending,Direct,14573.79,728.69,13845.1,12672.87,1172.23
T50899,C10811,P1341,2025-11-15,8,0.02,Paid,Partner,15395.36,307.91,15087.45,3452.48,11634.97
T50900,C10444,P1095,2026-07-17,20,0.05,Paid,Partner,34871.0,1743.55,33127.45,2840.8,30286.65
T50901,C10856,P1136,2025-01-03,4,0.15,Paid,Direct,7869.76,1180.46,6689.3,2187.68,4501.62
T50902,C10795,P1067,2025-12-01,2,0.15,Paid,Direct,1560.9,234.14,1326.76,681.12,645.64
T50903,C10267,P1052,2026-07-31,11,0.0,Paid,Online,14889.6,0.0,14889.6,7720.02,7169.58
T50904,C10194,P1089,2025-07-13,7,0.0,Paid,Direct,8947.47,0.0,8947.47,7780.43,1167.04
T50905,C10902,P1047,2026-04-18,26,0.1,Paid,Direct,29621.02,2962.1,26658.92,21382.66,5276.26
T50906,C10589,P1256,2026-04-26,11,0.05,Paid,Partner,22368.83,1118.44,21250.39,10392.36,10858.03
T50907,C10848,P1209,2025-10-10,13,0.15,Paid,Direct,7497.75,1124.66,6373.09,6519.76,-146.67
T50908,C10922,P1136,2025-06-27,12,0.0,Paid,Partner,23609.28,0.0,23609.28,6563.04,17046.24
T50909,C10424,P1191,2026-01-30,10,0.1,Paid,Direct,13024.5,1302.45,11722.05,9472.4,2249.65
T50910,C10045,P1211,2025-12-26,27,0.05,Failed,Direct,27444.69,1372.23,26072.46,23865.03,2207.43
T50911,C10909,P1064,2025-10-04,22,0.0,Paid,Direct,5116.76,0.0,5116.76,4449.28,667.48
T50912,C10583,P1103,2025-04-22,5,0.0,Pending,Online,6443.5,0.0,6443.5,5300.05,1143.45
T50913,C10120,P1308,2026-03-08,7,0.05,Paid,Partner,10773.84,538.69,10235.15,3045.63,7189.52
T50914,C10529,P1004,2025-05-03,3,0.0,Paid,Partner,3168.63,0.0,3168.63,2755.32,413.31
T50915,C10027,P1334,2025-03-19,8,0.1,Paid,Direct,9679.12,967.91,8711.21,1678.08,7033.13
T50916,C10289,P1337,2025-02-08,20,0.05,Paid,Partner,35101.4,1755.07,33346.33,2844.8,30501.53
T50917,C10347,P1088,2025-09-16,28,0.02,Failed,Direct,60714.92,1214.3,59500.62,6751.92,52748.7
T50918,C10454,P1112,2025-03-11,14,0.0,Paid,Partner,22570.52,0.0,22570.52,6978.3,15592.22
T50919,C10565,P1072,2025-07-14,3,0.2,Paid,Direct,4347.69,869.54,3478.15,1626.24,1851.91
T50920,C10839,P1196,2025-05-21,2,0.05,Paid,Partner,2075.18,103.76,1971.42,766.0,1205.42
T50921,C10351,P1074,2025-09-24,13,0.1,Paid,Direct,18482.49,1848.25,16634.24,7240.87,9393.37
T50922,C10735,P1276,2026-03-28,8,0.1,Paid,Direct,9846.24,984.62,8861.62,8561.92,299.7
T50923,C10942,P1135,2025-09-19,17,0.05,Failed,Partner,12127.63,606.38,11521.25,10458.74,1062.51
T50924,C10748,P1338,2025-11-20,4,0.15,Paid,Direct,5273.44,791.02,4482.42,1577.12,2905.3
T50925,C10254,P1298,2025-03-24,7,0.05,Paid,Direct,10572.94,528.65,10044.29,1611.33,8432.96
T50926,C10677,P1140,2025-03-07,17,0.02,Pending,Online,27559.72,551.19,27008.53,7595.6,19412.93
T50927,C10281,P1208,2026-07-21,9,0.0,Paid,Direct,8444.07,0.0,8444.07,5552.01,2892.06
T50928,C10477,P1008,2025-12-26,11,0.0,Paid,Partner,16102.02,0.0,16102.02,4772.24,11329.78
T50929,C10634,P1023,2025-01-09,7,0.05,Pending,Partner,11889.01,594.45,11294.56,2100.07,9194.49
T50930,C10293,P1177,2025-11-24,2,0.0,Paid,Partner,1639.3,0.0,1639.3,1425.48,213.82
T50931,C10003,P1165,2025-01-06,11,0.05,Paid,Direct,8066.41,403.32,7663.09,2572.9,5090.19
T50932,C10837,P1139,2025-02-14,10,0.2,Pending,Partner,8509.5,1701.9,6807.6,4903.6,1904.0
T50933,C10727,P1031,2025-08-05,27,0.02,Paid,Direct,20215.44,404.31,19811.13,6146.28,13664.85
T50934,C10123,P1293,2026-01-16,26,0.0,Pending,Direct,37041.42,0.0,37041.42,6402.5,30638.92
T50935,C10377,P1142,2025-12-26,13,0.05,Paid,Partner,28566.46,1428.32,27138.14,11024.39,16113.75
T50936,C10261,P1164,2026-04-04,9,0.0,Paid,Online,11677.41,0.0,11677.41,10154.25,1523.16
T50937,C10977,P1141,2025-04-15,13,0.1,Paid,Direct,23467.99,2346.8,21121.19,6565.0,14556.19
T50938,C10941,P1174,2025-04-22,18,0.02,Paid,Direct,13747.32,274.95,13472.37,3356.28,10116.09
T50939,C10691,P1226,2025-11-06,12,0.02,Paid,Partner,15299.4,305.99,14993.41,13303.8,1689.61
T50940,C10440,P1267,2026-05-19,22,0.05,Paid,Direct,22840.4,1142.02,21698.38,19861.16,1837.22
T50941,C10052,P1192,2026-02-24,28,0.02,Paid,Partner,26783.4,535.67,26247.73,23289.84,2957.89
T50942,C10246,P1058,2026-01-24,12,0.0,Paid,Direct,11604.36,0.0,11604.36,8970.84,2633.52
T50943,C10092,P1306,2025-02-24,4,0.0,Paid,Direct,5139.04,0.0,5139.04,1294.96,3844.08
T50944,C10789,P1099,2026-05-25,4,0.02,Paid,Partner,8618.92,172.38,8446.54,3369.6,5076.94
T50945,C10088,P1005,2026-07-25,26,0.15,Paid,Online,40552.46,6082.87,34469.59,28019.94,6449.65
T50946,C10677,P1013,2025-12-04,13,0.0,Paid,Direct,13700.18,0.0,13700.18,11913.2,1786.98
T50947,C10952,P1270,2025-07-15,10,0.0,Paid,Online,10063.5,0.0,10063.5,8750.9,1312.6
T50948,C10307,P1135,2026-01-20,18,0.0,Paid,Direct,12841.02,0.0,12841.02,11073.96,1767.06
T50949,C10684,P1007,2026-01-08,28,0.02,Paid,Direct,26462.24,529.24,25933.0,18511.36,7421.64
T50950,C10879,P1284,2026-06-23,13,0.0,Paid,Direct,28380.82,0.0,28380.82,10306.14,18074.68
T50951,C10427,P1106,2025-03-06,10,0.1,Paid,Direct,18363.0,1836.3,16526.7,2832.8,13693.9
T50952,C10448,P1342,2025-10-26,26,0.0,Paid,Partner,46438.6,0.0,46438.6,23707.32,22731.28
T50953,C10200,P1307,2026-02-16,3,0.05,Paid,Direct,2886.42,144.32,2742.1,2216.7,525.4
T50954,C10427,P1016,2025-07-22,25,0.0,Pending,Direct,32243.5,0.0,32243.5,8747.25,23496.25
T50955,C10873,P1241,2026-05-03,16,0.02,Paid,Direct,8576.96,171.54,8405.42,3842.88,4562.54
T50956,C10663,P1211,2025-02-07,1,0.0,Paid,Partner,1016.47,0.0,1016.47,883.89,132.58
T50957,C10201,P1060,2025-03-03,7,0.05,Paid,Online,10102.47,505.12,9597.35,6866.16,2731.19
T50958,C10526,P1120,2026-04-04,20,0.15,Paid,Direct,38183.2,5727.48,32455.72,21819.4,10636.32
T50959,C10706,P1171,2025-03-15,22,0.0,Paid,Direct,36778.5,0.0,36778.5,25070.1,11708.4
T50960,C10077,P1051,2025-08-31,6,0.2,Paid,Online,12087.48,2417.5,9669.98,647.04,9022.94
T50961,C10763,P1252,2025-06-13,20,0.0,Paid,Direct,23720.8,0.0,23720.8,20626.8,3094.0
T50962,C10201,P1097,2026-02-04,29,0.05,Paid,Partner,62940.44,3147.02,59793.42,4053.91,55739.51
T50963,C10294,P1328,2025-01-07,20,0.05,Paid,Partner,40415.8,2020.79,38395.01,12881.4,25513.61
T50964,C10416,P1280,2025-07-26,21,0.0,Paid,Online,9337.02,0.0,9337.02,5996.76,3340.26
T50965,C10504,P1222,2026-07-26,6,0.02,Paid,Direct,6205.32,124.11,6081.21,2464.8,3616.41
T50966,C10916,P1041,2025-08-02,19,0.0,Paid,Direct,32565.05,0.0,32565.05,4308.82,28256.23
T50967,C10222,P1008,2025-12-14,21,0.05,Paid,Direct,30740.22,1537.01,29203.21,9110.64,20092.57
T50968,C10255,P1051,2026-07-28,4,0.02,Paid,Direct,8058.32,161.17,7897.15,431.36,7465.79
T50969,C10378,P1174,2025-12-19,10,0.15,Paid,Direct,7637.4,1145.61,6491.79,1864.6,4627.19
T50970,C10857,P1273,2026-03-14,26,0.0,Paid,Online,42552.38,0.0,42552.38,3667.04,38885.34
T50971,C10965,P1053,2026-07-11,29,0.15,Failed,Direct,54898.74,8234.81,46663.93,22911.45,23752.48
T50972,C10454,P1247,2025-12-24,6,0.0,Pending,Direct,8159.4,0.0,8159.4,516.48,7642.92
T50973,C10693,P1016,2026-04-28,22,0.05,Paid,Direct,28374.28,1418.71,26955.57,7697.58,19257.99
T50974,C10917,P1092,2025-10-22,15,0.0,Paid,Direct,12904.65,0.0,12904.65,3780.75,9123.9
T50975,C10846,P1209,2026-04-18,18,0.0,Paid,Direct,10381.5,0.0,10381.5,9027.36,1354.14
T50976,C10681,P1289,2026-01-08,15,0.0,Failed,Direct,12547.35,0.0,12547.35,10910.7,1636.65
T50977,C10540,P1271,2025-07-16,26,0.05,Paid,Partner,35217.0,1760.85,33456.15,30623.58,2832.57
T50978,C10984,P1186,2025-11-20,13,0.0,Paid,Partner,19927.96,0.0,19927.96,2783.3,17144.66
T50979,C10239,P1012,2025-07-14,18,0.05,Paid,Direct,8742.42,437.12,8305.3,3344.4,4960.9
T50980,C10362,P1102,2025-08-19,20,0.2,Paid,Partner,14836.6,2967.32,11869.28,12901.4,-1032.12
T50981,C10712,P1274,2025-06-19,17,0.0,Paid,Direct,27227.03,0.0,27227.03,13094.59,14132.44
T50982,C10020,P1028,2025-10-12,26,0.0,Paid,Direct,52248.56,0.0,52248.56,6270.42,45978.14
T50983,C10500,P1247,2025-07-21,7,0.0,Paid,Online,9519.3,0.0,9519.3,602.56,8916.74
T50984,C10854,P1246,2025-12-30,28,0.0,Paid,Online,36872.64,0.0,36872.64,3374.0,33498.64
T50985,C10176,P1263,2025-08-03,20,0.02,Paid,Direct,35767.8,715.36,35052.44,18292.2,16760.24
T50986,C10803,P1076,2025-10-12,28,0.05,Paid,Direct,47906.32,2395.32,45511.0,29444.52,16066.48
T50987,C10412,P1085,2025-03-23,11,0.0,Pending,Direct,14122.46,0.0,14122.46,2680.81,11441.65
T50988,C10860,P1069,2025-08-13,14,0.0,Pending,Direct,12215.7,0.0,12215.7,10622.36,1593.34
T50989,C10634,P1137,2025-07-26,2,0.05,Paid,Partner,1069.14,53.46,1015.68,680.96,334.72
T50990,C10157,P1183,2026-07-12,27,0.0,Refunded,Direct,28314.63,0.0,28314.63,17042.67,11271.96
T50991,C10735,P1041,2025-09-17,24,0.05,Paid,Online,41134.8,2056.74,39078.06,5442.72,33635.34
T50992,C10056,P1198,2025-01-13,9,0.15,Paid,Partner,19057.86,2858.68,16199.18,3889.53,12309.65
T50993,C10243,P1083,2025-06-29,2,0.0,Pending,Direct,3302.9,0.0,3302.9,309.1,2993.8
T50994,C10888,P1196,2026-02-28,21,0.02,Paid,Online,21789.39,435.79,21353.6,8043.0,13310.6
T50995,C10875,P1105,2025-04-06,20,0.1,Pending,Partner,40912.8,4091.28,36821.52,2573.8,34247.72
T50996,C10046,P1334,2025-04-05,16,0.05,Paid,Direct,19358.24,967.91,18390.33,3356.16,15034.17
T50997,C10379,P1111,2025-08-05,5,0.1,Paid,Direct,7671.9,767.19,6904.71,675.8,6228.91
T50998,C10094,P1304,2025-07-26,27,0.1,Paid,Online,18090.27,1809.03,16281.24,14613.21,1668.03
T50999,C10271,P1061,2025-10-06,13,0.02,Paid,Online,9021.87,180.44,8841.43,7845.11,996.32
T51000,C10967,P1029,2025-01-20,22,0.02,Pending,Direct,5313.66,106.27,5207.39,2103.42,3103.97
T51001,C10195,P1066,2026-02-23,25,0.05,Paid,Partner,27957.75,1397.89,26559.86,24311.0,2248.86
T51002,C10641,P1146,2025-05-05,16,0.05,Paid,Online,21255.84,1062.79,20193.05,9897.92,10295.13
T51003,C10804,P1315,2026-02-17,3,0.05,Paid,Online,2988.54,149.43,2839.11,2598.72,240.39
T51004,C10880,P1061,2025-11-24,26,0.02,Paid,Direct,18043.74,360.87,17682.87,15690.22,1992.65
T51005,C10354,P1274,2025-04-28,20,0.1,Paid,Direct,32031.8,3203.18,28828.62,15405.4,13423.22
T51006,C10696,P1243,2025-09-30,26,0.0,Paid,Online,9796.54,0.0,9796.54,7851.74,1944.8
T51007,C10483,P1120,2025-01-22,18,0.0,Paid,Direct,34364.88,0.0,34364.88,19637.46,14727.42
T51008,C10107,P1117,2026-02-12,27,0.0,Paid,Direct,34646.13,0.0,34646.13,30127.14,4518.99
T51009,C10222,P1331,2025-06-26,26,0.0,Paid,Partner,42995.16,0.0,42995.16,11236.68,31758.48
T51010,C10748,P1250,2025-08-11,7,0.05,Paid,Direct,13295.87,664.79,12631.08,6843.62,5787.46
T51011,C10686,P1083,2025-04-02,6,0.0,Paid,Partner,9908.7,0.0,9908.7,927.3,8981.4
T51012,C10521,P1319,2025-07-31,5,0.05,Paid,Direct,5531.05,276.55,5254.5,4809.6,444.9
T51013,C10781,P1142,2025-08-18,24,0.02,Paid,Partner,52738.08,1054.76,51683.32,20352.72,31330.6
T51014,C10691,P1027,2025-05-11,7,0.0,Paid,Direct,5158.65,0.0,5158.65,4485.81,672.84
T51015,C10339,P1284,2026-07-23,14,0.0,Paid,Partner,30563.96,0.0,30563.96,11098.92,19465.04
T51016,C10293,P1304,2025-06-12,23,0.02,Paid,Direct,15410.23,308.2,15102.03,12448.29,2653.74
T51017,C10945,P1155,2025-04-16,13,0.05,Paid,Direct,13501.02,675.05,12825.97,11740.04,1085.93
T51018,C10971,P1246,2025-11-14,2,0.02,Pending,Online,2633.76,52.68,2581.08,241.0,2340.08
T51019,C10030,P1082,2025-07-04,11,0.0,Paid,Partner,4223.01,0.0,4223.01,2177.01,2046.0
T51020,C10790,P1297,2025-09-21,3,0.0,Paid,Direct,2262.75,0.0,2262.75,640.56,1622.19
T51021,C10132,P1128,2026-02-25,12,0.0,Paid,Direct,9051.84,0.0,9051.84,7871.16,1180.68
T51022,C10861,P1093,2025-02-15,22,0.0,Paid,Partner,8886.46,0.0,8886.46,4605.7,4280.76
T51023,C10588,P1175,2025-10-23,16,0.2,Paid,Online,14170.08,2834.02,11336.06,12321.76,-985.7
T51024,C10687,P1093,2025-01-13,20,0.0,Paid,Direct,8078.6,0.0,8078.6,4187.0,3891.6
T51025,C10701,P1217,2025-01-26,4,0.0,Paid,Online,7674.68,0.0,7674.68,2955.4,4719.28
T51026,C10604,P1261,2025-02-23,22,0.15,Paid,Direct,39973.56,5996.03,33977.53,4838.02,29139.51
T51027,C10250,P1141,2025-04-04,13,0.05,Pending,Partner,23467.99,1173.4,22294.59,6565.0,15729.59
T51028,C10807,P1274,2025-07-22,9,0.02,Paid,Direct,14414.31,288.29,14126.02,6932.43,7193.59
T51029,C10554,P1150,2026-06-27,19,0.05,Paid,Direct,18132.84,906.64,17226.2,15407.1,1819.1
T51030,C10545,P1339,2026-06-10,4,0.15,Paid,Online,2089.44,313.42,1776.02,1816.92,-40.9
T51031,C10318,P1092,2025-03-01,15,0.0,Paid,Direct,12904.65,0.0,12904.65,3780.75,9123.9
T51032,C10010,P1246,2026-07-29,13,0.0,Pending,Online,17119.44,0.0,17119.44,1566.5,15552.94
T51033,C10554,P1187,2026-01-04,5,0.1,Paid,Direct,9100.05,910.0,8190.05,1055.8,7134.25
T51034,C10345,P1330,2025-11-18,28,0.1,Failed,Direct,31422.44,3142.24,28280.2,27323.8,956.4
T51035,C10659,P1076,2026-04-05,11,0.2,Paid,Online,18820.34,3764.07,15056.27,11567.49,3488.78
T51036,C10364,P1068,2025-10-08,2,0.0,Paid,Partner,2753.76,0.0,2753.76,1348.92,1404.84
T51037,C10972,P1303,2025-06-03,13,0.15,Paid,Direct,25239.11,3785.87,21453.24,10280.14,11173.1
T51038,C10680,P1315,2025-11-04,29,0.0,Paid,Partner,28889.22,0.0,28889.22,25120.96,3768.26
T51039,C10455,P1261,2026-02-25,20,0.05,Paid,Direct,36339.6,1816.98,34522.62,4398.2,30124.42
T51040,C10708,P1166,2026-01-31,19,0.15,Paid,Online,37787.96,5668.19,32119.77,21925.05,10194.72
T51041,C10648,P1143,2025-04-09,27,0.0,Failed,Direct,20453.58,0.0,20453.58,11137.5,9316.08
T51042,C10620,P1233,2026-06-29,3,0.0,Paid,Direct,748.71,0.0,748.71,597.57,151.14
T51043,C10578,P1261,2025-06-15,16,0.05,Paid,Direct,29071.68,1453.58,27618.1,3518.56,24099.54
T51044,C10931,P1096,2026-04-21,10,0.1,Paid,Partner,11538.8,1153.88,10384.92,2756.0,7628.92
T51045,C10317,P1002,2025-06-30,20,0.0,Paid,Online,43814.0,0.0,43814.0,23829.2,19984.8
T51046,C10432,P1025,2025-02-06,25,0.1,Paid,Partner,27803.0,2780.3,25022.7,23767.25,1255.45
T51047,C10253,P1120,2026-08-01,3,0.0,Paid,Direct,5727.48,0.0,5727.48,3272.91,2454.57
T51048,C10569,P1238,2025-12-08,5,0.02,Pending,Direct,6236.9,124.74,6112.16,5423.4,688.76
T51049,C10987,P1154,2025-05-05,28,0.0,Paid,Direct,25172.84,0.0,25172.84,11276.44,13896.4
T51050,C10608,P1216,2025-01-01,15,0.15,Paid,Online,5696.1,854.42,4841.68,3248.25,1593.43
T51051,C10206,P1164,2025-03-16,10,0.0,Paid,Direct,12974.9,0.0,12974.9,11282.5,1692.4
T51052,C10921,P1088,2025-04-09,5,0.05,Paid,Partner,10841.95,542.1,10299.85,1205.7,9094.15
T51053,C10790,P1262,2026-06-21,11,0.0,Paid,Direct,8829.92,0.0,8829.92,7095.77,1734.15
T51054,C10440,P1253,2025-04-13,1,0.15,Paid,Online,1734.52,260.18,1474.34,144.1,1330.24
T51055,C10146,P1336,2025-04-04,7,0.1,Paid,Direct,11541.81,1154.18,10387.63,7161.21,3226.42
T51056,C10402,P1288,2026-05-01,6,0.0,Paid,Direct,8091.06,0.0,8091.06,2505.0,5586.06
T51057,C10804,P1132,2026-05-25,3,0.0,Paid,Online,2747.28,0.0,2747.28,2388.93,358.35
T51058,C10577,P1246,2025-05-02,29,0.02,Pending,Online,38189.52,763.79,37425.73,3494.5,33931.23
T51059,C10185,P1122,2026-01-13,23,0.02,Paid,Partner,27714.77,554.3,27160.47,22500.21,4660.26
T51060,C10158,P1305,2025-11-06,28,0.1,Paid,Partner,39258.24,3925.82,35332.42,15059.52,20272.9
T51061,C10967,P1213,2025-12-01,7,0.05,Paid,Partner,6705.72,335.29,6370.43,1488.9,4881.53
T51062,C10447,P1292,2025-06-30,9,0.02,Paid,Direct,11731.41,234.63,11496.78,10201.23,1295.55
T51063,C10685,P1098,2026-03-12,9,0.05,Refunded,Direct,9928.8,496.44,9432.36,6678.72,2753.64
T51064,C10360,P1005,2026-05-26,17,0.02,Paid,Partner,26515.07,530.3,25984.77,18320.73,7664.04
T51065,C10090,P1049,2026-02-26,6,0.0,Paid,Partner,11379.78,0.0,11379.78,2404.92,8974.86
T51066,C10411,P1185,2026-06-08,7,0.0,Paid,Direct,15323.98,0.0,15323.98,7860.86,7463.12
T51067,C10693,P1336,2025-03-06,29,0.0,Paid,Direct,47816.07,0.0,47816.07,29667.87,18148.2
T51068,C10333,P1219,2026-01-17,11,0.05,Paid,Partner,13109.14,655.46,12453.68,1031.58,11422.1
T51069,C10603,P1283,2026-08-03,23,0.0,Failed,Direct,27368.85,0.0,27368.85,22037.91,5330.94
T51070,C10438,P1164,2025-11-07,7,0.05,Paid,Partner,9082.43,454.12,8628.31,7897.75,730.56
T51071,C10337,P1335,2026-07-01,27,0.0,Paid,Partner,45104.04,0.0,45104.04,4339.17,40764.87
T51072,C10255,P1329,2025-07-22,21,0.05,Paid,Direct,16004.52,800.23,15204.29,13916.91,1287.38
T51073,C10260,P1076,2026-06-05,25,0.0,Pending,Direct,42773.5,0.0,42773.5,26289.75,16483.75
T51074,C10255,P1301,2026-06-29,15,0.02,Paid,Direct,20568.15,411.36,20156.79,8388.75,11768.04
T51075,C10718,P1006,2025-12-27,27,0.0,Paid,Direct,43094.16,0.0,43094.16,29177.82,13916.34
T51076,C10337,P1207,2026-02-13,11,0.0,Paid,Partner,12067.33,0.0,12067.33,10493.34,1573.99
T51077,C10741,P1153,2025-10-31,14,0.0,Paid,Partner,12700.8,0.0,12700.8,11044.18,1656.62
T51078,C10311,P1105,2025-07-03,2,0.02,Pending,Online,4091.28,81.83,4009.45,257.38,3752.07
T51079,C10327,P1326,2025-11-08,5,0.1,Paid,Direct,6168.45,616.84,5551.61,5363.85,187.76
T51080,C10924,P1231,2026-07-13,23,0.0,Paid,Partner,19044.23,0.0,19044.23,9153.54,9890.69
T51081,C10876,P1048,2025-01-09,10,0.05,Paid,Direct,17256.9,862.85,16394.05,11503.0,4891.05
T51082,C10400,P1048,2025-04-29,3,0.05,Failed,Partner,5177.07,258.85,4918.22,3450.9,1467.32
T51083,C10268,P1041,2025-10-17,9,0.02,Paid,Direct,15425.55,308.51,15117.04,2041.02,13076.02
T51084,C10715,P1106,2025-07-16,11,0.05,Pending,Partner,20199.3,1009.96,19189.34,3116.08,16073.26
T51085,C10069,P1024,2025-12-28,21,0.0,Pending,Direct,21824.25,0.0,21824.25,8978.76,12845.49
T51086,C10456,P1092,2025-07-29,3,0.05,Pending,Direct,2580.93,129.05,2451.88,756.15,1695.73
T51087,C10599,P1267,2026-01-18,1,0.1,Paid,Online,1038.2,103.82,934.38,902.78,31.6
T51088,C10675,P1305,2025-03-03,21,0.1,Paid,Direct,29443.68,2944.37,26499.31,11294.64,15204.67
T51089,C10107,P1275,2025-07-12,5,0.0,Pending,Direct,8320.45,0.0,8320.45,637.15,7683.3
T51090,C10002,P1173,2026-02-06,13,0.05,Failed,Partner,19364.15,968.21,18395.94,9631.57,8764.37
T51091,C10276,P1243,2025-10-01,20,0.0,Paid,Direct,7535.8,0.0,7535.8,6039.8,1496.0
T51092,C10119,P1330,2026-02-18,15,0.02,Paid,Direct,16833.45,336.67,16496.78,14637.75,1859.03
T51093,C10507,P1018,2026-01-05,4,0.0,Paid,Direct,8720.64,0.0,8720.64,4043.4,4677.24
T51094,C10919,P1316,2025-07-10,21,0.0,Paid,Direct,37419.06,0.0,37419.06,16919.7,20499.36
T51095,C10286,P1253,2025-09-06,2,0.05,Pending,Online,3469.04,173.45,3295.59,288.2,3007.39
T51096,C10453,P1135,2026-07-14,7,0.15,Paid,Partner,4993.73,749.06,4244.67,4306.54,-61.87
T51097,C10214,P1157,2026-07-13,4,0.0,Paid,Direct,3947.6,0.0,3947.6,3432.68,514.92
T51098,C10043,P1153,2025-01-21,15,0.05,Paid,Direct,13608.0,680.4,12927.6,11833.05,1094.55
T51099,C10703,P1055,2026-02-14,21,0.05,Pending,Online,24623.97,1231.2,23392.77,4980.78,18411.99
T51100,C10256,P1080,2025-10-12,19,0.15,Paid,Online,33309.09,4996.36,28312.73,17395.26,10917.47
T51101,C10546,P1103,2025-01-01,5,0.05,Paid,Direct,6443.5,322.18,6121.32,5300.05,821.27
T51102,C10683,P1002,2026-01-03,10,0.0,Paid,Partner,21907.0,0.0,21907.0,11914.6,9992.4
T51103,C10839,P1175,2025-01-14,5,0.0,Pending,Direct,4428.15,0.0,4428.15,3850.55,577.6
T51104,C10185,P1166,2025-07-04,10,0.05,Paid,Direct,19888.4,994.42,18893.98,11539.5,7354.48
T51105,C10581,P1115,2026-02-05,7,0.0,Paid,Online,11660.81,0.0,11660.81,7094.29,4566.52
T51106,C10910,P1061,2026-04-17,22,0.15,Paid,Online,15267.78,2290.17,12977.61,13276.34,-298.73
T51107,C10483,P1339,2025-08-28,22,0.15,Failed,Direct,11491.92,1723.79,9768.13,9993.06,-224.93
T51108,C10040,P1237,2026-04-15,24,0.15,Paid,Online,5930.88,889.63,5041.25,4350.96,690.29
T51109,C10261,P1166,2026-05-02,6,0.0,Paid,Partner,11933.04,0.0,11933.04,6923.7,5009.34
T51110,C10794,P1252,2025-09-17,1,0.05,Paid,Partner,1186.04,59.3,1126.74,1031.34,95.4
T51111,C10792,P1130,2025-04-11,2,0.05,Paid,Partner,1726.92,86.35,1640.57,1196.68,443.89
T51112,C10314,P1075,2026-01-18,25,0.0,Pending,Direct,28222.25,0.0,28222.25,20254.0,7968.25
T51113,C10196,P1235,2025-01-09,27,0.0,Paid,Online,43434.63,0.0,43434.63,22290.39,21144.24
T51114,C10291,P1269,2026-06-03,7,0.0,Paid,Direct,3085.18,0.0,3085.18,2682.75,402.43
T51115,C10242,P1227,2025-08-14,26,0.02,Pending,Direct,28556.06,571.12,27984.94,24831.3,3153.64
T51116,C10740,P1198,2026-03-17,16,0.2,Paid,Direct,33880.64,6776.13,27104.51,6914.72,20189.79
T51117,C10841,P1000,2026-03-03,6,0.1,Pending,Partner,5388.48,538.85,4849.63,781.8,4067.83
T51118,C10046,P1223,2025-10-02,10,0.0,Paid,Direct,17501.9,0.0,17501.9,5935.7,11566.2
T51119,C10741,P1216,2026-07-18,8,0.02,Paid,Direct,3037.92,60.76,2977.16,1732.4,1244.76
T51120,C10752,P1144,2026-04-07,23,0.0,Pending,Partner,30224.99,0.0,30224.99,26282.56,3942.43
T51121,C10612,P1085,2026-05-28,6,0.0,Failed,Direct,7703.16,0.0,7703.16,1462.26,6240.9
T51122,C10871,P1342,2025-02-24,6,0.0,Paid,Direct,10716.6,0.0,10716.6,5470.92,5245.68
T51123,C10038,P1131,2025-10-08,21,0.05,Paid,Direct,39886.56,1994.33,37892.23,10737.3,27154.93
T51124,C10699,P1095,2026-07-07,9,0.05,Pending,Partner,15691.95,784.6,14907.35,1278.36,13628.99
T51125,C10127,P1247,2026-04-17,8,0.1,Paid,Direct,10879.2,1087.92,9791.28,688.64,9102.64
T51126,C10897,P1168,2025-09-21,24,0.15,Paid,Direct,20559.84,3083.98,17475.86,17878.08,-402.22
T51127,C10499,P1195,2025-02-10,28,0.0,Paid,Direct,33630.8,0.0,33630.8,26153.12,7477.68
T51128,C10090,P1226,2025-06-13,17,0.05,Paid,Online,21674.15,1083.71,20590.44,18847.05,1743.39
T51129,C10746,P1129,2025-11-28,25,0.0,Paid,Partner,47455.0,0.0,47455.0,26012.0,21443.0
T51130,C10749,P1053,2026-01-08,25,0.02,Pending,Direct,47326.5,946.53,46379.97,19751.25,26628.72
T51131,C10464,P1058,2026-06-21,18,0.02,Paid,Online,17406.54,348.13,17058.41,13456.26,3602.15
T51132,C10310,P1328,2025-02-23,25,0.0,Paid,Partner,50519.75,0.0,50519.75,16101.75,34418.0
T51133,C10017,P1176,2025-08-18,1,0.0,Paid,Partner,811.11,0.0,811.11,271.85,539.26
T51134,C10907,P1145,2025-06-07,2,0.0,Pending,Direct,2544.52,0.0,2544.52,2212.62,331.9
T51135,C10184,P1111,2026-07-11,26,0.0,Paid,Direct,39893.88,0.0,39893.88,3514.16,36379.72
T51136,C10842,P1252,2025-04-07,5,0.15,Pending,Partner,5930.2,889.53,5040.67,5156.7,-116.03
T51137,C10588,P1319,2025-05-08,22,0.0,Paid,Direct,24336.62,0.0,24336.62,21162.24,3174.38
T51138,C10685,P1269,2025-06-22,13,0.02,Paid,Direct,5729.62,114.59,5615.03,4982.25,632.78
T51139,C10694,P1187,2025-03-03,23,0.2,Pending,Direct,41860.23,8372.05,33488.18,4856.68,28631.5
T51140,C10858,P1166,2026-01-09,20,0.05,Paid,Direct,39776.8,1988.84,37787.96,23079.0,14708.96
T51141,C10033,P1303,2025-11-01,3,0.02,Pending,Partner,5824.41,116.49,5707.92,2372.34,3335.58
T51142,C10991,P1299,2025-11-20,10,0.15,Paid,Direct,18643.0,2796.45,15846.55,3914.4,11932.15
T51143,C10043,P1136,2026-06-11,21,0.0,Paid,Partner,41316.24,0.0,41316.24,11485.32,29830.92
T51144,C10999,P1337,2025-09-09,27,0.0,Paid,Partner,47386.89,0.0,47386.89,3840.48,43546.41
T51145,C10261,P1289,2025-06-30,24,0.02,Pending,Direct,20075.76,401.52,19674.24,17457.12,2217.12
T51146,C10845,P1296,2025-08-06,26,0.02,Paid,Direct,35590.36,711.81,34878.55,15887.82,18990.73
T51147,C10083,P1019,2026-04-10,28,0.1,Paid,Direct,12327.56,1232.76,11094.8,7047.04,4047.76
T51148,C10460,P1045,2025-11-03,26,0.0,Paid,Direct,21939.84,0.0,21939.84,10843.56,11096.28
T51149,C10541,P1104,2025-04-09,17,0.05,Refunded,Partner,30501.74,1525.09,28976.65,17565.59,11411.06
T51150,C10954,P1266,2026-02-05,10,0.05,Pending,Partner,9987.5,499.38,9488.12,2538.4,6949.72
T51151,C10123,P1027,2026-03-09,15,0.2,Pending,Online,11054.25,2210.85,8843.4,9612.45,-769.05
T51152,C10036,P1029,2025-05-25,24,0.0,Paid,Online,5796.72,0.0,5796.72,2294.64,3502.08
T51153,C10648,P1011,2025-11-20,13,0.0,Paid,Direct,15943.59,0.0,15943.59,6480.5,9463.09
T51154,C10049,P1067,2025-11-23,25,0.15,Pending,Partner,19511.25,2926.69,16584.56,8514.0,8070.56
T51155,C10777,P1321,2025-04-12,21,0.05,Pending,Direct,20154.96,1007.75,19147.21,11826.99,7320.22
T51156,C10038,P1252,2025-01-06,7,0.0,Pending,Direct,8302.28,0.0,8302.28,7219.38,1082.9
T51157,C10970,P1250,2026-02-21,27,0.0,Pending,Direct,51284.07,0.0,51284.07,26396.82,24887.25
T51158,C10532,P1102,2025-12-23,25,0.1,Pending,Direct,18545.75,1854.58,16691.17,16126.75,564.42
T51159,C10948,P1218,2026-02-18,18,0.05,Paid,Partner,17562.42,878.12,16684.3,15271.74,1412.56
T51160,C10126,P1272,2025-08-07,6,0.05,Paid,Partner,5278.02,263.9,5014.12,4589.58,424.54
T51161,C10273,P1186,2025-10-26,7,0.15,Refunded,Direct,10730.44,1609.57,9120.87,1498.7,7622.17
T51162,C10454,P1299,2026-07-24,25,0.0,Paid,Direct,46607.5,0.0,46607.5,9786.0,36821.5
T51163,C10029,P1199,2025-05-11,1,0.0,Paid,Partner,361.16,0.0,361.16,256.53,104.63
T51164,C10102,P1113,2026-01-14,15,0.05,Paid,Partner,26041.95,1302.1,24739.85,9999.0,14740.85
T51165,C10329,P1223,2025-03-18,18,0.15,Paid,Partner,31503.42,4725.51,26777.91,10684.26,16093.65
T51166,C10737,P1330,2025-02-08,7,0.0,Pending,Direct,7855.61,0.0,7855.61,6830.95,1024.66
T51167,C10708,P1289,2026-07-10,26,0.05,Pending,Direct,21748.74,1087.44,20661.3,18911.88,1749.42
T51168,C10086,P1174,2025-03-17,16,0.0,Paid,Partner,12219.84,0.0,12219.84,2983.36,9236.48
T51169,C10059,P1208,2026-01-16,2,0.0,Paid,Partner,1876.46,0.0,1876.46,1233.78,642.68
T51170,C10656,P1341,2025-10-26,10,0.15,Paid,Direct,19244.2,2886.63,16357.57,4315.6,12041.97
T51171,C10359,P1262,2026-04-15,12,0.0,Pending,Direct,9632.64,0.0,9632.64,7740.84,1891.8
T51172,C10792,P1175,2025-11-14,7,0.0,Paid,Direct,6199.41,0.0,6199.41,5390.77,808.64
T51173,C10298,P1098,2026-02-09,28,0.1,Paid,Partner,30889.6,3088.96,27800.64,20778.24,7022.4
T51174,C10362,P1317,2026-06-03,11,0.02,Paid,Direct,13381.17,267.62,13113.55,8918.03,4195.52
T51175,C10219,P1341,2026-04-27,15,0.02,Paid,Partner,28866.3,577.33,28288.97,6473.4,21815.57
T51176,C10266,P1024,2026-02-23,16,0.1,Paid,Online,16628.0,1662.8,14965.2,6840.96,8124.24
T51177,C10706,P1011,2025-04-05,7,0.0,Paid,Direct,8585.01,0.0,8585.01,3489.5,5095.51
T51178,C10471,P1040,2025-04-09,17,0.05,Paid,Direct,25906.64,1295.33,24611.31,15430.22,9181.09
T51179,C10659,P1135,2025-10-16,11,0.0,Paid,Direct,7847.29,0.0,7847.29,6767.42,1079.87
T51180,C10078,P1055,2026-01-18,1,0.0,Paid,Direct,1172.57,0.0,1172.57,237.18,935.39
T51181,C10535,P1308,2026-01-22,12,0.05,Paid,Online,18469.44,923.47,17545.97,5221.08,12324.89
T51182,C10458,P1319,2026-04-02,17,0.0,Paid,Online,18805.57,0.0,18805.57,16352.64,2452.93
T51183,C10910,P1063,2025-03-01,4,0.1,Paid,Direct,2171.16,217.12,1954.04,399.92,1554.12
T51184,C10423,P1290,2025-04-11,23,0.15,Paid,Online,45757.81,6863.67,38894.14,19866.25,19027.89
T51185,C10103,P1049,2025-03-28,20,0.1,Pending,Direct,37932.6,3793.26,34139.34,8016.4,26122.94
T51186,C10697,P1275,2025-11-10,9,0.0,Paid,Partner,14976.81,0.0,14976.81,1146.87,13829.94
T51187,C10149,P1127,2026-01-03,18,0.0,Paid,Partner,27482.58,0.0,27482.58,12247.2,15235.38
T51188,C10909,P1014,2025-03-09,9,0.15,Paid,Direct,16779.78,2516.97,14262.81,3365.64,10897.17
T51189,C10383,P1149,2026-05-19,19,0.02,Paid,Direct,26033.61,520.67,25512.94,19577.41,5935.53
T51190,C10784,P1287,2025-06-25,5,0.05,Paid,Partner,10929.1,546.46,10382.64,5697.75,4684.89
T51191,C10655,P1326,2026-01-19,18,0.1,Paid,Direct,22206.42,2220.64,19985.78,19309.86,675.92
T51192,C10464,P1042,2026-03-12,2,0.0,Paid,Online,538.24,0.0,538.24,437.2,101.04
T51193,C10584,P1292,2025-01-21,1,0.0,Paid,Direct,1303.49,0.0,1303.49,1133.47,170.02
T51194,C10182,P1102,2026-05-17,8,0.05,Paid,Direct,5934.64,296.73,5637.91,5160.56,477.35
T51195,C10074,P1162,2026-07-17,6,0.05,Failed,Online,12698.28,634.91,12063.37,5356.8,6706.57
T51196,C10766,P1038,2026-07-11,15,0.0,Paid,Direct,21855.9,0.0,21855.9,14709.3,7146.6
T51197,C10958,P1340,2025-03-22,5,0.05,Paid,Direct,10015.75,500.79,9514.96,1368.75,8146.21
T51198,C10861,P1276,2025-08-16,8,0.1,Pending,Direct,9846.24,984.62,8861.62,8561.92,299.7
T51199,C10305,P1224,2025-05-15,3,0.02,Paid,Direct,5623.41,112.47,5510.94,1726.17,3784.77
T51200,C10358,P1254,2025-09-19,26,0.0,Paid,Direct,49497.76,0.0,49497.76,25404.08,24093.68
T51201,C10358,P1305,2026-07-20,22,0.05,Paid,Direct,30845.76,1542.29,29303.47,11832.48,17470.99
T51202,C10702,P1050,2026-03-19,7,0.1,Paid,Direct,8982.12,898.21,8083.91,7810.53,273.38
T51203,C10623,P1086,2026-03-24,4,0.2,Paid,Direct,5963.64,1192.73,4770.91,4014.48,756.43
T51204,C10796,P1013,2025-09-02,25,0.0,Paid,Online,26346.5,0.0,26346.5,22910.0,3436.5
T51205,C10945,P1171,2026-06-28,20,0.15,Paid,Online,33435.0,5015.25,28419.75,22791.0,5628.75
T51206,C10392,P1172,2026-06-18,26,0.1,Paid,Direct,35386.78,3538.68,31848.1,9458.54,22389.56
T51207,C10662,P1010,2026-04-13,6,0.05,Paid,Online,5665.32,283.27,5382.05,4926.36,455.69
T51208,C10500,P1231,2026-04-18,11,0.0,Paid,Online,9108.11,0.0,9108.11,4377.78,4730.33
T51209,C10954,P1003,2026-01-14,4,0.0,Pending,Online,6931.28,0.0,6931.28,4314.72,2616.56
T51210,C10354,P1277,2025-02-25,13,0.02,Paid,Partner,25669.02,513.38,25155.64,11371.49,13784.15
T51211,C10187,P1246,2025-06-15,5,0.0,Paid,Direct,6584.4,0.0,6584.4,602.5,5981.9
T51212,C10378,P1285,2026-03-22,1,0.0,Refunded,Direct,829.26,0.0,829.26,721.1,108.16
T51213,C10618,P1041,2025-07-09,15,0.15,Failed,Online,25709.25,3856.39,21852.86,3401.7,18451.16
T51214,C10953,P1304,2025-04-10,29,0.0,Paid,Direct,19430.29,0.0,19430.29,15695.67,3734.62
T51215,C10828,P1191,2026-07-04,19,0.15,Paid,Online,24746.55,3711.98,21034.57,17997.56,3037.01
T51216,C10018,P1302,2025-10-11,22,0.02,Paid,Partner,19337.12,386.74,18950.38,16814.82,2135.56
T51217,C10509,P1243,2026-05-15,24,0.1,Failed,Direct,9042.96,904.3,8138.66,7247.76,890.9
T51218,C10159,P1229,2025-06-14,29,0.0,Paid,Direct,44969.72,0.0,44969.72,34703.72,10266.0
T51219,C10362,P1011,2025-07-28,4,0.05,Paid,Online,4905.72,245.29,4660.43,1994.0,2666.43
T51220,C10943,P1242,2025-07-19,8,0.05,Paid,Direct,8739.84,436.99,8302.85,7599.84,703.01
T51221,C10984,P1157,2025-08-05,18,0.15,Paid,Partner,17764.2,2664.63,15099.57,15447.06,-347.49
T51222,C10153,P1297,2025-09-11,24,0.0,Paid,Online,18102.0,0.0,18102.0,5124.48,12977.52
T51223,C10140,P1239,2025-06-22,23,0.0,Paid,Direct,46772.57,0.0,46772.57,2587.04,44185.53
T51224,C10696,P1026,2026-04-18,22,0.15,Paid,Direct,29561.84,4434.28,25127.56,25705.9,-578.34
T51225,C10410,P1311,2025-07-09,10,0.0,Paid,Direct,17047.7,0.0,17047.7,6110.3,10937.4
T51226,C10432,P1022,2025-09-14,11,0.05,Pending,Partner,13402.84,670.14,12732.7,11654.61,1078.09
T51227,C10873,P1104,2026-05-15,3,0.0,Paid,Direct,5382.66,0.0,5382.66,3099.81,2282.85
T51228,C10920,P1075,2025-09-11,10,0.0,Paid,Direct,11288.9,0.0,11288.9,8101.6,3187.3
T51229,C10900,P1340,2025-01-07,5,0.05,Paid,Direct,10015.75,500.79,9514.96,1368.75,8146.21
T51230,C10782,P1053,2025-01-01,28,0.05,Paid,Direct,53005.68,2650.28,50355.4,22121.4,28234.0
T51231,C10980,P1295,2025-09-10,3,0.05,Paid,Direct,1837.2,91.86,1745.34,1597.56,147.78
T51232,C10719,P1077,2026-01-12,11,0.02,Paid,Direct,22020.02,440.4,21579.62,6471.96,15107.66
T51233,C10884,P1227,2026-07-01,26,0.05,Paid,Partner,28556.06,1427.8,27128.26,24831.3,2296.96
T51234,C10540,P1031,2025-03-17,28,0.2,Paid,Direct,20964.16,4192.83,16771.33,6373.92,10397.41
T51235,C10050,P1137,2025-11-11,11,0.0,Paid,Partner,5880.27,0.0,5880.27,3745.28,2134.99
T51236,C10816,P1218,2025-06-17,14,0.0,Paid,Online,13659.66,0.0,13659.66,11878.02,1781.64
T51237,C10929,P1248,2025-09-19,16,0.0,Paid,Partner,30261.44,0.0,30261.44,2205.76,28055.68
T51238,C10312,P1305,2025-09-14,24,0.1,Paid,Partner,33649.92,3364.99,30284.93,12908.16,17376.77
T51239,C10428,P1285,2025-07-01,23,0.0,Paid,Direct,19072.98,0.0,19072.98,16585.3,2487.68
T51240,C10572,P1181,2025-01-11,16,0.05,Paid,Partner,28376.8,1418.84,26957.96,14969.44,11988.52
T51241,C10651,P1106,2025-02-12,11,0.02,Failed,Direct,20199.3,403.99,19795.31,3116.08,16679.23
T51242,C10674,P1091,2025-10-30,11,0.05,Paid,Direct,18562.17,928.11,17634.06,4387.79,13246.27
T51243,C10394,P1347,2025-05-11,19,0.1,Paid,Partner,40990.79,4099.08,36891.71,4788.95,32102.76
T51244,C10854,P1212,2025-07-09,25,0.02,Paid,Direct,32928.5,658.57,32269.93,28633.5,3636.43
T51245,C10813,P1318,2025-02-22,3,0.02,Paid,Direct,2958.96,59.18,2899.78,1302.48,1597.3
T51246,C10942,P1151,2025-01-29,23,0.0,Failed,Partner,46606.28,0.0,46606.28,22561.16,24045.12
T51247,C10575,P1169,2025-03-15,14,0.02,Failed,Direct,28190.12,563.8,27626.32,13391.56,14234.76
T51248,C10077,P1289,2025-08-07,5,0.0,Paid,Direct,4182.45,0.0,4182.45,3636.9,545.55
T51249,C10845,P1252,2025-04-05,3,0.1,Failed,Direct,3558.12,355.81,3202.31,3094.02,108.29
T51250,C10079,P1070,2025-05-15,10,0.02,Paid,Direct,12096.5,241.93,11854.57,10518.7,1335.87
T51251,C10193,P1183,2025-06-25,8,0.0,Refunded,Direct,8389.52,0.0,8389.52,5049.68,3339.84
T51252,C10285,P1074,2025-06-18,4,0.0,Pending,Direct,5686.92,0.0,5686.92,2227.96,3458.96
T51253,C10184,P1266,2025-01-07,9,0.02,Paid,Direct,8988.75,179.78,8808.97,2284.56,6524.41
T51254,C10723,P1010,2025-03-10,25,0.15,Paid,Partner,23605.5,3540.82,20064.68,20526.5,-461.82
T51255,C10440,P1289,2026-07-06,21,0.0,Paid,Online,17566.29,0.0,17566.29,15274.98,2291.31
T51256,C10219,P1325,2026-01-23,7,0.0,Paid,Partner,7286.16,0.0,7286.16,6335.77,950.39
T51257,C10004,P1008,2025-03-13,20,0.02,Paid,Direct,29276.4,585.53,28690.87,8676.8,20014.07
T51258,C10216,P1220,2025-06-14,14,0.2,Paid,Partner,16148.72,3229.74,12918.98,8243.76,4675.22
T51259,C10692,P1027,2025-08-11,22,0.1,Paid,Online,16212.9,1621.29,14591.61,14098.26,493.35
T51260,C10794,P1126,2026-06-10,8,0.0,Paid,Online,15888.4,0.0,15888.4,1845.6,14042.8
T51261,C10296,P1117,2026-05-26,2,0.05,Paid,Direct,2566.38,128.32,2438.06,2231.64,206.42
T51262,C10073,P1181,2026-03-23,10,0.1,Paid,Direct,17735.5,1773.55,15961.95,9355.9,6606.05
T51263,C10557,P1321,2025-03-03,29,0.1,Paid,Direct,27833.04,2783.3,25049.74,16332.51,8717.23
T51264,C10782,P1161,2025-10-12,17,0.02,Paid,Partner,17200.26,344.01,16856.25,3170.67,13685.58
T51265,C10070,P1139,2025-10-08,2,0.05,Paid,Direct,1701.9,85.1,1616.8,980.72,636.08
T51266,C10795,P1032,2026-01-05,29,0.05,Paid,Online,33492.1,1674.6,31817.5,24330.42,7487.08
T51267,C10170,P1310,2026-05-05,24,0.0,Paid,Direct,31493.28,0.0,31493.28,13166.64,18326.64
T51268,C10257,P1110,2025-07-06,16,0.0,Paid,Partner,10050.24,0.0,10050.24,8739.36,1310.88
T51269,C10622,P1161,2025-11-20,22,0.02,Paid,Direct,22259.16,445.18,21813.98,4103.22,17710.76
T51270,C10051,P1032,2025-06-03,6,0.0,Paid,Direct,6929.4,0.0,6929.4,5033.88,1895.52
T51271,C10305,P1101,2025-05-02,18,0.02,Paid,Direct,31986.9,639.74,31347.16,7850.7,23496.46
T51272,C10138,P1193,2025-07-01,27,0.1,Paid,Partner,40189.23,4018.92,36170.31,12249.09,23921.22
T51273,C10214,P1315,2026-03-03,13,0.1,Pending,Direct,12950.34,1295.03,11655.31,11261.12,394.19
T51274,C10773,P1115,2025-09-11,2,0.0,Paid,Direct,3331.66,0.0,3331.66,2026.94,1304.72
T51275,C10228,P1196,2026-01-31,22,0.0,Pending,Partner,22826.98,0.0,22826.98,8426.0,14400.98
T51276,C10043,P1306,2026-02-05,22,0.05,Paid,Online,28264.72,1413.24,26851.48,7122.28,19729.2
T51277,C10214,P1126,2025-07-30,22,0.02,Paid,Partner,43693.1,873.86,42819.24,5075.4,37743.84
T51278,C10086,P1103,2026-07-08,19,0.0,Paid,Partner,24485.3,0.0,24485.3,20140.19,4345.11
T51279,C10622,P1015,2025-01-27,4,0.1,Paid,Direct,8710.88,871.09,7839.79,4516.92,3322.87
T51280,C10972,P1317,2026-06-05,4,0.0,Paid,Online,4865.88,0.0,4865.88,3242.92,1622.96
T51281,C10167,P1038,2025-01-05,23,0.0,Pending,Direct,33512.38,0.0,33512.38,22554.26,10958.12
T51282,C10728,P1075,2025-08-10,25,0.05,Paid,Online,28222.25,1411.11,26811.14,20254.0,6557.14
T51283,C10362,P1048,2026-04-24,3,0.05,Paid,Partner,5177.07,258.85,4918.22,3450.9,1467.32
T51284,C10071,P1247,2026-02-01,17,0.02,Refunded,Direct,23118.3,462.37,22655.93,1463.36,21192.57
T51285,C10687,P1127,2025-07-06,15,0.05,Paid,Direct,22902.15,1145.11,21757.04,10206.0,11551.04
T51286,C10209,P1246,2026-05-29,11,0.15,Paid,Partner,14485.68,2172.85,12312.83,1325.5,10987.33
T51287,C10513,P1212,2025-03-21,19,0.0,Pending,Partner,25025.66,0.0,25025.66,21761.46,3264.2
T51288,C10507,P1005,2026-01-25,27,0.05,Paid,Partner,42112.17,2105.61,40006.56,29097.63,10908.93
T51289,C10597,P1107,2025-10-28,24,0.0,Paid,Online,9526.08,0.0,9526.08,8283.6,1242.48
T51290,C10134,P1001,2025-05-01,5,0.02,Paid,Direct,10573.9,211.48,10362.42,2836.55,7525.87
T51291,C10250,P1022,2026-06-19,14,0.02,Paid,Direct,17058.16,341.16,16717.0,14833.14,1883.86
T51292,C10737,P1165,2026-03-20,28,0.02,Paid,Partner,20532.68,410.65,20122.03,6549.2,13572.83
T51293,C10932,P1092,2025-01-05,7,0.0,Paid,Direct,6022.17,0.0,6022.17,1764.35,4257.82
T51294,C10011,P1031,2025-02-20,25,0.1,Paid,Partner,18718.0,1871.8,16846.2,5691.0,11155.2
T51295,C10413,P1143,2025-02-02,15,0.02,Paid,Online,11363.1,227.26,11135.84,6187.5,4948.34
T51296,C10881,P1158,2025-08-29,16,0.15,Failed,Direct,19209.76,2881.46,16328.3,16704.16,-375.86
T51297,C10286,P1347,2025-08-30,8,0.02,Paid,Partner,17259.28,345.19,16914.09,2016.4,14897.69
T51298,C10447,P1231,2026-02-24,27,0.1,Paid,Partner,22356.27,2235.63,20120.64,10745.46,9375.18
T51299,C10904,P1137,2026-01-28,16,0.02,Paid,Direct,8553.12,171.06,8382.06,5447.68,2934.38
T51300,C10968,P1165,2025-01-09,17,0.02,Paid,Partner,12466.27,249.33,12216.94,3976.3,8240.64
T51301,C10655,P1031,2025-10-04,14,0.05,Paid,Partner,10482.08,524.1,9957.98,3186.96,6771.02
T51302,C10694,P1135,2026-04-01,3,0.1,Paid,Direct,2140.17,214.02,1926.15,1845.66,80.49
T51303,C10613,P1203,2026-06-05,23,0.02,Paid,Direct,24908.77,498.18,24410.59,11714.36,12696.23
T51304,C10283,P1007,2025-06-19,10,0.02,Paid,Direct,9450.8,189.02,9261.78,6611.2,2650.58
T51305,C10886,P1321,2025-01-26,7,0.05,Paid,Partner,6718.32,335.92,6382.4,3942.33,2440.07
T51306,C10034,P1180,2025-03-30,23,0.05,Paid,Direct,29924.15,1496.21,28427.94,15303.05,13124.89
T51307,C10058,P1275,2025-07-17,6,0.02,Pending,Direct,9984.54,199.69,9784.85,764.58,9020.27
T51308,C10601,P1096,2025-09-15,20,0.1,Paid,Online,23077.6,2307.76,20769.84,5512.0,15257.84
T51309,C10837,P1292,2025-07-23,14,0.02,Paid,Partner,18248.86,364.98,17883.88,15868.58,2015.3
T51310,C10814,P1128,2025-02-22,24,0.02,Paid,Partner,18103.68,362.07,17741.61,15742.32,1999.29
T51311,C10677,P1324,2025-07-17,2,0.05,Paid,Online,4242.36,212.12,4030.24,1308.54,2721.7
T51312,C10376,P1182,2025-06-18,23,0.2,Paid,Direct,40407.32,8081.46,32325.86,22428.45,9897.41
T51313,C10359,P1222,2025-10-10,7,0.0,Paid,Direct,7239.54,0.0,7239.54,2875.6,4363.94
T51314,C10425,P1071,2025-02-15,26,0.0,Paid,Partner,41371.72,0.0,41371.72,19642.48,21729.24
T51315,C10256,P1348,2026-04-04,11,0.0,Paid,Direct,10154.65,0.0,10154.65,8282.34,1872.31
T51316,C10419,P1067,2025-08-30,1,0.05,Paid,Direct,780.45,39.02,741.43,340.56,400.87
T51317,C10104,P1011,2025-07-04,15,0.02,Paid,Partner,18396.45,367.93,18028.52,7477.5,10551.02
T51318,C10319,P1153,2026-06-10,2,0.02,Paid,Direct,1814.4,36.29,1778.11,1577.74,200.37
T51319,C10941,P1292,2026-03-08,8,0.0,Paid,Direct,10427.92,0.0,10427.92,9067.76,1360.16
T51320,C10706,P1322,2025-03-21,21,0.15,Paid,Partner,32535.09,4880.26,27654.83,16403.73,11251.1
T51321,C10141,P1299,2025-03-26,17,0.02,Paid,Partner,31693.1,633.86,31059.24,6654.48,24404.76
T51322,C10286,P1193,2025-01-02,21,0.05,Paid,Direct,31258.29,1562.91,29695.38,9527.07,20168.31
T51323,C10259,P1320,2025-11-22,26,0.0,Paid,Direct,51318.8,0.0,51318.8,18071.04,33247.76
T51324,C10281,P1172,2025-07-25,14,0.0,Paid,Online,19054.42,0.0,19054.42,5093.06,13961.36
T51325,C10691,P1167,2025-08-06,16,0.0,Paid,Online,17976.64,0.0,17976.64,15631.84,2344.8
T51326,C10895,P1063,2025-10-23,2,0.02,Paid,Direct,1085.58,21.71,1063.87,199.96,863.91
T51327,C10710,P1275,2025-11-09,9,0.02,Paid,Direct,14976.81,299.54,14677.27,1146.87,13530.4
T51328,C10488,P1110,2025-01-01,22,0.0,Paid,Partner,13819.08,0.0,13819.08,12016.62,1802.46
T51329,C10160,P1068,2025-03-04,2,0.0,Paid,Direct,2753.76,0.0,2753.76,1348.92,1404.84
T51330,C10142,P1129,2026-04-03,11,0.0,Paid,Direct,20880.2,0.0,20880.2,11445.28,9434.92
T51331,C10814,P1211,2026-07-08,4,0.02,Pending,Direct,4065.88,81.32,3984.56,3535.56,449.0
T51332,C10677,P1094,2026-05-01,25,0.0,Paid,Direct,5848.5,0.0,5848.5,2592.25,3256.25
T51333,C10510,P1125,2026-06-10,17,0.0,Paid,Direct,18620.95,0.0,18620.95,16192.16,2428.79
T51334,C10577,P1115,2025-09-26,19,0.0,Paid,Direct,31650.77,0.0,31650.77,19255.93,12394.84
T51335,C10848,P1208,2026-04-25,20,0.05,Failed,Partner,18764.6,938.23,17826.37,12337.8,5488.57
T51336,C10813,P1249,2026-05-27,7,0.15,Paid,Direct,6107.08,916.06,5191.02,5310.48,-119.46
T51337,C10087,P1236,2026-06-02,2,0.05,Paid,Direct,1858.72,92.94,1765.78,1616.28,149.5
T51338,C10395,P1049,2025-03-28,12,0.0,Paid,Direct,22759.56,0.0,22759.56,4809.84,17949.72
T51339,C10042,P1121,2025-03-27,6,0.2,Paid,Online,8122.14,1624.43,6497.71,7062.72,-565.01
T51340,C10384,P1226,2025-08-22,10,0.2,Paid,Direct,12749.5,2549.9,10199.6,11086.5,-886.9
T51341,C10636,P1075,2025-10-20,10,0.02,Pending,Direct,11288.9,225.78,11063.12,8101.6,2961.52
T51342,C10208,P1024,2026-07-10,23,0.0,Paid,Partner,23902.75,0.0,23902.75,9833.88,14068.87
T51343,C10150,P1112,2025-07-04,10,0.05,Failed,Partner,16121.8,806.09,15315.71,4984.5,10331.21
T51344,C10490,P1237,2026-04-28,5,0.2,Pending,Partner,1235.6,247.12,988.48,906.45,82.03
T51345,C10524,P1232,2026-05-30,28,0.1,Failed,Direct,57604.12,5760.41,51843.71,28484.96,23358.75
T51346,C10714,P1045,2026-07-14,2,0.05,Pending,Direct,1687.68,84.38,1603.3,834.12,769.18
T51347,C10014,P1236,2025-04-20,6,0.05,Paid,Direct,5576.16,278.81,5297.35,4848.84,448.51
T51348,C10247,P1068,2025-05-21,11,0.2,Paid,Partner,15145.68,3029.14,12116.54,7419.06,4697.48
T51349,C10779,P1259,2025-05-08,2,0.0,Paid,Direct,4337.06,0.0,4337.06,249.94,4087.12
T51350,C10681,P1198,2026-03-03,27,0.0,Paid,Direct,57173.58,0.0,57173.58,11668.59,45504.99
T51351,C10899,P1044,2026-02-03,11,0.1,Paid,Direct,13816.33,1381.63,12434.7,5778.19,6656.51
T51352,C10814,P1122,2025-08-25,23,0.0,Pending,Online,27714.77,0.0,27714.77,22500.21,5214.56
T51353,C10838,P1286,2025-02-21,4,0.02,Paid,Direct,1115.72,22.31,1093.41,970.2,123.21
T51354,C10510,P1151,2025-10-30,16,0.0,Paid,Direct,32421.76,0.0,32421.76,15694.72,16727.04
T51355,C10958,P1240,2026-03-01,4,0.0,Paid,Online,1608.76,0.0,1608.76,1398.92,209.84
T51356,C10415,P1261,2025-10-03,7,0.0,Paid,Partner,12718.86,0.0,12718.86,1539.37,11179.49
T51357,C10903,P1010,2025-06-05,12,0.05,Paid,Partner,11330.64,566.53,10764.11,9852.72,911.39
T51358,C10391,P1326,2025-12-10,26,0.02,Paid,Partner,32075.94,641.52,31434.42,27892.02,3542.4
T51359,C10444,P1117,2026-01-19,9,0.05,Paid,Direct,11548.71,577.44,10971.27,10042.38,928.89
T51360,C10685,P1277,2025-12-09,22,0.0,Paid,Partner,43439.88,0.0,43439.88,19244.06,24195.82
T51361,C10398,P1163,2026-05-22,3,0.15,Failed,Direct,5074.56,761.18,4313.38,523.89,3789.49
T51362,C10147,P1201,2025-07-02,8,0.05,Paid,Online,10381.84,519.09,9862.75,9027.68,835.07
T51363,C10896,P1126,2025-12-20,18,0.2,Paid,Direct,35748.9,7149.78,28599.12,4152.6,24446.52
T51364,C10452,P1298,2026-05-11,14,0.02,Paid,Partner,21145.88,422.92,20722.96,3222.66,17500.3
T51365,C10926,P1041,2025-05-04,15,0.0,Paid,Direct,25709.25,0.0,25709.25,3401.7,22307.55
T51366,C10399,P1313,2025-06-13,20,0.1,Paid,Direct,20190.2,2019.02,18171.18,14423.0,3748.18
T51367,C10972,P1072,2025-01-29,3,0.1,Paid,Direct,4347.69,434.77,3912.92,1626.24,2286.68
T51368,C10602,P1309,2025-08-06,21,0.0,Paid,Partner,34394.43,0.0,34394.43,2528.19,31866.24
T51369,C10768,P1008,2025-01-26,26,0.05,Paid,Direct,38059.32,1902.97,36156.35,11279.84,24876.51
T51370,C10755,P1004,2026-03-09,23,0.05,Paid,Online,24292.83,1214.64,23078.19,21124.12,1954.07
T51371,C10201,P1032,2025-02-21,9,0.0,Paid,Direct,10394.1,0.0,10394.1,7550.82,2843.28
T51372,C10815,P1191,2026-02-06,11,0.05,Paid,Partner,14326.95,716.35,13610.6,10419.64,3190.96
T51373,C10944,P1093,2025-12-03,28,0.0,Paid,Partner,11310.04,0.0,11310.04,5861.8,5448.24
T51374,C10661,P1209,2026-07-27,23,0.0,Paid,Direct,13265.25,0.0,13265.25,11534.96,1730.29
T51375,C10947,P1286,2025-07-21,28,0.1,Pending,Partner,7810.04,781.0,7029.04,6791.4,237.64
T51376,C10846,P1009,2025-07-19,27,0.02,Paid,Partner,29331.45,586.63,28744.82,25505.55,3239.27
T51377,C10666,P1184,2025-05-22,13,-0.05,Paid,Partner,14642.29,1464.23,13178.06,9770.02,3408.04
T51378,C10477,P1258,2025-11-08,4,0.05,Pending,Partner,5548.08,277.4,5270.68,4074.16,1196.52
T51379,C10857,P1148,2025-05-08,7,0.2,Refunded,Partner,11107.67,2221.53,8886.14,4757.83,4128.31
T51380,C10185,P1323,2025-03-07,9,0.02,Pending,Direct,5008.77,100.18,4908.59,4355.46,553.13
T51381,C10561,P1231,2026-07-05,25,0.02,Paid,Direct,20700.25,414.0,20286.25,9949.5,10336.75
T51382,C10815,P1012,2026-01-29,9,0.0,Failed,Direct,4371.21,0.0,4371.21,1672.2,2699.01
T51383,C10944,P1189,2025-03-10,11,0.05,Pending,Partner,19410.16,970.51,18439.65,8984.91,9454.74
T51384,C10267,P1134,2025-12-25,25,0.02,Paid,Online,24093.25,481.86,23611.39,5913.5,17697.89
T51385,C10093,P1046,2025-06-26,5,0.05,Paid,Direct,9405.9,470.3,8935.6,3136.05,5799.55
T51386,C10333,P1332,2025-04-15,20,0.02,Failed,Direct,39013.0,780.26,38232.74,20357.4,17875.34
T51387,C10863,P1077,2025-10-01,16,0.0,Paid,Direct,32029.12,0.0,32029.12,9413.76,22615.36
T51388,C10523,P1029,2026-04-02,29,0.1,Paid,Partner,7004.37,700.44,6303.93,2772.69,3531.24
T51389,C10055,P1077,2025-01-01,15,0.1,Paid,Partner,30027.3,3002.73,27024.57,8825.4,18199.17
T51390,C10119,P1288,2025-07-26,16,0.02,Paid,Partner,21576.16,431.52,21144.64,6680.0,14464.64
T51391,C10339,P1209,2026-06-19,25,0.05,Paid,Partner,14418.75,720.94,13697.81,12538.0,1159.81
T51392,C10342,P1286,2025-08-17,29,0.02,Paid,Partner,8088.97,161.78,7927.19,7033.95,893.24
T51393,C10135,P1161,2025-02-27,22,0.1,Paid,Direct,22259.16,2225.92,20033.24,4103.22,15930.02
T51394,C10494,P1040,2025-09-06,21,0.02,Failed,Direct,32002.32,640.05,31362.27,19060.86,12301.41
T51395,C10479,P1135,2026-01-31,26,0.02,Paid,Direct,18548.14,370.96,18177.18,15995.72,2181.46
T51396,C10199,P1069,2026-08-01,29,0.0,Paid,Online,25303.95,0.0,25303.95,22003.46,3300.49
T51397,C10232,P1194,2025-12-31,22,0.0,Paid,Partner,46386.34,0.0,46386.34,23895.74,22490.6
T51398,C10664,P1094,2025-01-30,9,0.1,Paid,Direct,2105.46,210.55,1894.91,933.21,961.7
T51399,C10952,P1339,2026-04-15,19,0.02,Refunded,Direct,9924.84,198.5,9726.34,8630.37,1095.97
T51400,C10996,P1132,2026-03-29,7,0.0,Paid,Direct,6410.32,0.0,6410.32,5574.17,836.15
T51401,C10559,P1109,2026-01-13,15,0.0,Paid,Online,12416.25,0.0,12416.25,10796.7,1619.55
T51402,C10038,P1344,2026-06-04,13,0.02,Pending,Direct,15046.07,300.92,14745.15,13083.59,1661.56
T51403,C10897,P1182,2026-03-23,29,0.05,Paid,Partner,50948.36,2547.42,48400.94,28279.35,20121.59
T51404,C10950,P1059,2025-05-15,17,0.02,Paid,Direct,34519.18,690.38,33828.8,19124.83,14703.97
T51405,C10278,P1168,2025-09-02,28,0.05,Paid,Partner,23986.48,1199.32,22787.16,20857.76,1929.4
T51406,C10400,P1089,2025-10-22,24,0.1,Paid,Partner,30677.04,3067.7,27609.34,26675.76,933.58
T51407,C10025,P1250,2025-10-11,25,0.0,Pending,Direct,47485.25,0.0,47485.25,24441.5,23043.75
T51408,C10801,P1200,2026-01-06,5,0.1,Paid,Partner,1411.75,141.18,1270.57,1227.6,42.97
T51409,C10775,P1255,2026-02-11,23,0.0,Paid,Direct,29601.0,0.0,29601.0,25739.99,3861.01
T51410,C10020,P1329,2025-03-02,8,0.02,Paid,Partner,6096.96,121.94,5975.02,5301.68,673.34
T51411,C10702,P1255,2025-11-26,17,0.0,Pending,Direct,21879.0,0.0,21879.0,19025.21,2853.79
T51412,C10411,P1119,2025-01-23,15,0.0,Paid,Partner,21373.35,0.0,21373.35,15372.0,6001.35
T51413,C10545,P1070,2025-10-24,8,0.0,Paid,Direct,9677.2,0.0,9677.2,8414.96,1262.24
T51414,C10218,P1185,2025-09-02,29,0.0,Paid,Partner,63485.06,0.0,63485.06,32566.42,30918.64
T51415,C10815,P1157,2025-04-30,26,0.1,Paid,Direct,25659.4,2565.94,23093.46,22312.42,781.04
T51416,C10404,P1109,2026-07-29,17,0.02,Paid,Partner,14071.75,281.44,13790.31,12236.26,1554.05
T51417,C10840,P1283,2025-05-30,1,0.15,Paid,Direct,1189.95,178.49,1011.46,958.17,53.29
T51418,C10148,P1318,2025-02-02,6,0.02,Paid,Direct,5917.92,118.36,5799.56,2604.96,3194.6
T51419,C10587,P1133,2025-07-27,7,0.05,Paid,Partner,9521.12,476.06,9045.06,2649.08,6395.98
T51420,C10310,P1238,2026-03-16,29,0.0,Paid,Direct,36174.02,0.0,36174.02,31455.72,4718.3
T51421,C10965,P1344,2025-01-06,12,0.02,Paid,Direct,13888.68,277.77,13610.91,12077.16,1533.75
T51422,C10556,P1004,2025-10-13,2,0.02,Paid,Partner,2112.42,42.25,2070.17,1836.88,233.29
T51423,C10719,P1127,2025-08-31,17,0.15,Paid,Direct,25955.77,3893.37,22062.4,11566.8,10495.6
T51424,C10086,P1258,2026-05-18,28,0.15,Failed,Online,38836.56,5825.48,33011.08,28519.12,4491.96
T51425,C10676,P1174,2025-01-02,17,0.0,Paid,Direct,12983.58,0.0,12983.58,3169.82,9813.76
T51426,C10101,P1277,2025-01-11,13,0.05,Paid,Online,25669.02,1283.45,24385.57,11371.49,13014.08
T51427,C10361,P1166,2025-11-24,6,0.05,Paid,Online,11933.04,596.65,11336.39,6923.7,4412.69
T51428,C10222,P1022,2025-04-15,26,0.05,Paid,Direct,31679.44,1583.97,30095.47,27547.26,2548.21
T51429,C10002,P1151,2026-02-13,4,0.0,Paid,Direct,8105.44,0.0,8105.44,3923.68,4181.76
T51430,C10586,P1141,2025-06-11,28,0.05,Pending,Partner,50546.44,2527.32,48019.12,14140.0,33879.12
T51431,C10240,P1295,2025-11-23,7,0.1,Paid,Partner,4286.8,428.68,3858.12,3727.64,130.48
T51432,C10512,P1051,2025-01-22,5,0.0,Paid,Direct,10072.9,0.0,10072.9,539.2,9533.7
T51433,C10763,P1054,2026-02-07,11,0.02,Paid,Direct,9330.31,186.61,9143.7,2184.71,6958.99
T51434,C10178,P1049,2025-10-28,1,0.0,Paid,Direct,1896.63,0.0,1896.63,400.82,1495.81
T51435,C10709,P1198,2025-01-01,1,0.15,Paid,Partner,2117.54,317.63,1799.91,432.17,1367.74
T51436,C10297,P1348,2025-06-04,6,0.0,Paid,Partner,5538.9,0.0,5538.9,4517.64,1021.26
T51437,C10331,P1216,2025-02-04,21,0.0,Paid,Direct,7974.54,0.0,7974.54,4547.55,3426.99
T51438,C10576,P1285,2025-01-27,24,0.0,Pending,Direct,19902.24,0.0,19902.24,17306.4,2595.84
T51439,C10625,P1297,2026-02-10,8,0.1,Paid,Partner,6034.0,603.4,5430.6,1708.16,3722.44
T51440,C10655,P1210,2025-09-06,19,0.05,Paid,Online,30044.51,1502.23,28542.28,22515.57,6026.71
T51441,C10195,P1213,2026-04-11,11,0.0,Refunded,Direct,10537.56,0.0,10537.56,2339.7,8197.86
T51442,C10579,P1085,2025-05-30,13,0.0,Paid,Direct,16690.18,0.0,16690.18,3168.23,13521.95
T51443,C10263,P1336,2026-02-21,10,0.1,Paid,Direct,16488.3,1648.83,14839.47,10230.3,4609.17
T51444,C10276,P1275,2025-12-23,26,0.02,Paid,Partner,43266.34,865.33,42401.01,3313.18,39087.83
T51445,C10947,P1305,2026-01-20,15,0.0,Failed,Direct,21031.2,0.0,21031.2,8067.6,12963.6
T51446,C10100,P1344,2026-04-26,15,0.2,Paid,Direct,17360.85,3472.17,13888.68,15096.45,-1207.77
T51447,C10413,P1122,2026-02-15,25,0.0,Paid,Partner,30124.75,0.0,30124.75,24456.75,5668.0
T51448,C10439,P1050,2026-03-09,20,0.02,Paid,Direct,25663.2,513.26,25149.94,22315.8,2834.14
T51449,C10244,P1300,2026-03-05,5,0.0,Paid,Direct,2422.3,0.0,2422.3,2106.35,315.95
T51450,C10785,P1165,2025-09-17,6,0.05,Paid,Direct,4399.86,219.99,4179.87,1403.4,2776.47
T51451,C10487,P1335,2026-02-25,10,0.1,Paid,Direct,16705.2,1670.52,15034.68,1607.1,13427.58
T51452,C10719,P1243,2026-05-04,3,0.02,Pending,Direct,1130.37,22.61,1107.76,905.97,201.79
T51453,C10387,P1090,2026-03-05,21,0.05,Paid,Direct,34737.99,1736.9,33001.09,5573.4,27427.69
T51454,C10896,P1124,2025-12-19,15,0.15,Paid,Direct,13792.8,2068.92,11723.88,11993.7,-269.82
T51455,C10729,P1213,2025-02-12,2,0.1,Paid,Direct,1915.92,191.59,1724.33,425.4,1298.93
T51456,C10333,P1138,2025-09-11,12,0.02,Paid,Online,6784.2,135.68,6648.52,5899.32,749.2
T51457,C10962,P1098,2025-02-06,25,0.02,Paid,Online,27580.0,551.6,27028.4,18552.0,8476.4
T51458,C10865,P1073,2025-03-02,27,0.15,Paid,Direct,58392.9,8758.94,49633.96,13475.43,36158.53
T51459,C10591,P1227,2025-07-29,28,0.0,Paid,Partner,30752.68,0.0,30752.68,26741.4,4011.28
T51460,C10016,P1012,2025-09-27,27,0.0,Pending,Direct,13113.63,0.0,13113.63,5016.6,8097.03
T51461,C10591,P1032,2025-11-03,18,0.0,Paid,Partner,20788.2,0.0,20788.2,15101.64,5686.56
T51462,C10690,P1014,2026-06-07,27,0.1,Paid,Online,50339.34,5033.93,45305.41,10096.92,35208.49
T51463,C10364,P1256,2026-03-19,28,0.0,Pending,Partner,56938.84,0.0,56938.84,26453.28,30485.56
T51464,C10143,P1010,2025-09-03,19,0.0,Paid,Partner,17940.18,0.0,17940.18,15600.14,2340.04
T51465,C10564,P1146,2025-07-14,12,0.05,Pending,Direct,15941.88,797.09,15144.79,7423.44,7721.35
T51466,C10801,P1042,2026-02-18,29,0.0,Pending,Direct,7804.48,0.0,7804.48,6339.4,1465.08
T51467,C10319,P1205,2025-06-09,13,0.0,Paid,Direct,10455.25,0.0,10455.25,9091.55,1363.7
T51468,C10456,P1012,2026-05-28,5,0.02,Paid,Direct,2428.45,48.57,2379.88,929.0,1450.88
T51469,C10001,P1009,2026-03-30,4,0.0,Paid,Partner,4345.4,0.0,4345.4,3778.6,566.8
T51470,C10703,P1143,2026-01-31,17,0.2,Pending,Direct,12878.18,2575.64,10302.54,7012.5,3290.04
T51471,C10866,P1243,2025-05-25,2,0.0,Paid,Direct,753.58,0.0,753.58,603.98,149.6
T51472,C10776,P1038,2025-12-27,4,0.1,Failed,Partner,5828.24,582.82,5245.42,3922.48,1322.94
T51473,C10429,P1173,2026-04-22,8,0.02,Paid,Partner,11916.4,238.33,11678.07,5927.12,5750.95
T51474,C10045,P1283,2025-02-11,16,0.0,Paid,Partner,19039.2,0.0,19039.2,15330.72,3708.48
T51475,C10492,P1218,2025-04-13,14,0.0,Paid,Direct,13659.66,0.0,13659.66,11878.02,1781.64
T51476,C10940,P1262,2025-10-26,15,0.02,Failed,Partner,12040.8,240.82,11799.98,9676.05,2123.93
T51477,C10083,P1110,2025-07-28,15,0.02,Paid,Direct,9422.1,188.44,9233.66,8193.15,1040.51
T51478,C10213,P1329,2026-02-16,29,0.0,Paid,Partner,22101.48,0.0,22101.48,19218.59,2882.89
T51479,C10837,P1051,2025-08-21,7,0.2,Pending,Direct,14102.06,2820.41,11281.65,754.88,10526.77
T51480,C10568,P1211,2026-08-02,14,0.02,Paid,Direct,14230.58,284.61,13945.97,12374.46,1571.51
T51481,C10170,P1152,2025-06-23,18,0.15,Paid,Online,21036.24,3155.44,17880.8,12179.7,5701.1
T51482,C10024,P1011,2025-07-28,8,0.0,Pending,Direct,9811.44,0.0,9811.44,3988.0,5823.44
T51483,C10410,P1330,2025-01-02,6,0.0,Pending,Direct,6733.38,0.0,6733.38,5855.1,878.28
T51484,C10594,P1245,2025-05-24,2,0.05,Paid,Direct,1874.54,93.73,1780.81,1630.04,150.77
T51485,C10840,P1079,2025-05-17,10,0.0,Paid,Online,21245.8,0.0,21245.8,3450.6,17795.2
T51486,C10883,P1018,2026-03-19,8,0.0,Paid,Online,17441.28,0.0,17441.28,8086.8,9354.48
T51487,C10457,P1236,2025-07-15,6,0.0,Paid,Direct,5576.16,0.0,5576.16,4848.84,727.32
T51488,C10422,P1190,2025-04-29,8,0.0,Paid,Partner,5049.36,0.0,5049.36,4390.72,658.64
T51489,C10931,P1017,2025-07-01,21,0.1,Paid,Direct,39271.89,3927.19,35344.7,4567.29,30777.41
T51490,C10776,P1345,2025-11-23,24,0.0,Paid,Partner,40185.12,0.0,40185.12,24943.92,15241.2
T51491,C10209,P1251,2026-04-01,15,0.2,Paid,Direct,21287.85,4257.57,17030.28,5207.7,11822.58
T51492,C10681,P1161,2026-07-22,2,0.0,Pending,Direct,2023.56,0.0,2023.56,373.02,1650.54
T51493,C10715,P1083,2025-01-28,22,0.02,Paid,Partner,36331.9,726.64,35605.26,3400.1,32205.16
T51494,C10233,P1094,2026-05-03,5,0.02,Paid,Online,1169.7,23.39,1146.31,518.45,627.86
T51495,C10977,P1158,2025-08-14,2,0.02,Failed,Direct,2401.22,48.02,2353.2,2088.02,265.18
T51496,C10296,P1020,2026-04-14,17,0.15,Pending,Direct,18171.3,2725.7,15445.6,4773.26,10672.34
T51497,C10549,P1128,2025-01-22,13,0.1,Paid,Online,9806.16,980.62,8825.54,8527.09,298.45
T51498,C10493,P1076,2025-12-30,10,0.0,Failed,Direct,17109.4,0.0,17109.4,10515.9,6593.5
T51499,C10692,P1039,2026-06-24,29,0.02,Paid,Direct,42942.04,858.84,42083.2,25556.54,16526.66
T51500,C10901,P1044,2025-01-23,3,0.1,Paid,Direct,3768.09,376.81,3391.28,1575.87,1815.41
T51501,C10393,P1120,2026-04-04,2,0.0,Paid,Direct,3818.32,0.0,3818.32,2181.94,1636.38
T51502,C10384,P1133,2025-03-08,18,0.02,Paid,Direct,24482.88,489.66,23993.22,6811.92,17181.3
T51503,C10751,P1122,2026-07-24,13,0.0,Paid,Direct,15664.87,0.0,15664.87,12717.51,2947.36
T51504,C10952,P1241,2026-03-08,24,0.02,Paid,Direct,12865.44,257.31,12608.13,5764.32,6843.81
T51505,C10908,P1182,2026-06-12,2,0.02,Pending,Direct,3513.68,70.27,3443.41,1950.3,1493.11
T51506,C10752,P1067,2026-06-05,13,0.02,Paid,Partner,10145.85,202.92,9942.93,4427.28,5515.65
T51507,C10703,P1340,2025-07-03,5,0.15,Paid,Direct,10015.75,1502.36,8513.39,1368.75,7144.64
T51508,C10768,P1255,2025-08-30,2,0.02,Paid,Partner,2574.0,51.48,2522.52,2238.26,284.26
T51509,C10935,P1164,2026-02-06,14,0.15,Paid,Direct,18164.86,2724.73,15440.13,15795.5,-355.37
T51510,C10010,P1017,2025-04-12,22,0.05,Failed,Direct,41141.98,2057.1,39084.88,4784.78,34300.1
T51511,C10588,P1320,2025-06-27,5,0.02,Paid,Direct,9869.0,197.38,9671.62,3475.2,6196.42
T51512,C10034,P1260,2025-02-27,25,0.02,Paid,Direct,22278.75,445.58,21833.17,7650.0,14183.17
T51513,C10577,P1161,2026-05-31,16,0.02,Paid,Partner,16188.48,323.77,15864.71,2984.16,12880.55
T51514,C10394,P1056,2025-05-24,14,0.1,Paid,Direct,17351.46,1735.15,15616.31,7691.74,7924.57
T51515,C10304,P1037,2025-08-27,27,0.0,Paid,Partner,50742.72,0.0,50742.72,8201.25,42541.47
T51516,C10890,P1101,2025-09-20,10,0.15,Paid,Online,17770.5,2665.58,15104.92,4361.5,10743.42
T51517,C10709,P1080,2025-08-07,6,0.05,Pending,Direct,10518.66,525.93,9992.73,5493.24,4499.49
T51518,C10567,P1073,2026-03-28,23,0.05,Paid,Online,49742.1,2487.1,47255.0,11479.07,35775.93
T51519,C10881,P1142,2026-06-15,4,0.02,Paid,Direct,8789.68,175.79,8613.89,3392.12,5221.77
T51520,C10097,P1016,2025-11-29,26,0.05,Paid,Direct,33533.24,1676.66,31856.58,9097.14,22759.44
T51521,C10646,P1113,2026-05-01,24,0.05,Paid,Direct,41667.12,2083.36,39583.76,15998.4,23585.36
T51522,C10156,P1304,2025-03-06,29,0.05,Paid,Partner,19430.29,971.51,18458.78,15695.67,2763.11
T51523,C10233,P1303,2026-07-15,14,0.0,Paid,Partner,27180.58,0.0,27180.58,11070.92,16109.66
T51524,C10185,P1002,2025-03-09,19,0.05,Paid,Online,41623.3,2081.17,39542.13,22637.74,16904.39
T51525,C10544,P1237,2025-02-08,26,0.02,Paid,Partner,6425.12,128.5,6296.62,4713.54,1583.08
T51526,C10629,P1346,2025-01-13,4,0.05,Pending,Direct,2285.88,114.29,2171.59,1987.72,183.87
T51527,C10755,P1202,2025-05-22,9,0.02,Paid,Online,5904.18,118.08,5786.1,5134.05,652.05
T51528,C10440,P1136,2026-05-01,14,0.0,Paid,Online,27544.16,0.0,27544.16,7656.88,19887.28
T51529,C10939,P1171,2025-06-24,19,0.05,Paid,Partner,31763.25,1588.16,30175.09,21651.45,8523.64
T51530,C10373,P1074,2026-04-04,20,0.02,Paid,Partner,28434.6,568.69,27865.91,11139.8,16726.11
T51531,C10156,P1139,2025-09-04,27,0.05,Paid,Partner,22975.65,1148.78,21826.87,13239.72,8587.15
T51532,C10036,P1327,2025-03-02,15,0.05,Failed,Direct,28663.65,1433.18,27230.47,16673.7,10556.77
T51533,C10127,P1214,2025-10-02,5,0.05,Pending,Online,5937.45,296.87,5640.58,5163.0,477.58
T51534,C10445,P1150,2025-05-15,6,0.05,Paid,Online,5726.16,286.31,5439.85,4865.4,574.45
T51535,C10412,P1043,2025-06-19,24,0.0,Paid,Partner,30880.8,0.0,30880.8,26852.88,4027.92
T51536,C10854,P1317,2025-10-28,14,0.0,Paid,Direct,17030.58,0.0,17030.58,11350.22,5680.36
T51537,C10125,P1056,2026-04-04,19,0.05,Paid,Direct,23548.41,1177.42,22370.99,10438.79,11932.2
T51538,C10262,P1252,2025-12-07,17,0.0,Failed,Online,20162.68,0.0,20162.68,17532.78,2629.9
T51539,C10980,P1106,2025-05-10,24,0.0,Paid,Online,44071.2,0.0,44071.2,6798.72,37272.48
T51540,C10028,P1097,2026-02-21,7,0.0,Paid,Partner,15192.52,0.0,15192.52,978.53,14213.99
T51541,C10424,P1059,2026-02-08,5,0.0,Failed,Online,10152.7,0.0,10152.7,5624.95,4527.75
T51542,C10198,P1131,2025-05-18,22,0.2,Paid,Direct,41785.92,8357.18,33428.74,11248.6,22180.14
T51543,C10533,P1236,2026-05-10,13,0.0,Paid,Online,12081.68,0.0,12081.68,10505.82,1575.86
T51544,C10973,P1145,2026-05-05,24,0.0,Failed,Direct,30534.24,0.0,30534.24,26551.44,3982.8
T51545,C10227,P1008,2025-12-17,4,0.15,Paid,Direct,5855.28,878.29,4976.99,1735.36,3241.63
T51546,C10370,P1092,2025-06-21,8,0.2,Paid,Direct,6882.48,1376.5,5505.98,2016.4,3489.58
T51547,C10449,P1056,2025-07-25,28,0.0,Paid,Direct,34702.92,0.0,34702.92,15383.48,19319.44
T51548,C10798,P1140,2025-09-12,25,0.15,Failed,Direct,40529.0,6079.35,34449.65,11170.0,23279.65
T51549,C10984,P1315,2025-04-19,2,0.0,Paid,Partner,1992.36,0.0,1992.36,1732.48,259.88
T51550,C10096,P1336,2025-06-27,24,0.1,Paid,Direct,39571.92,3957.19,35614.73,24552.72,11062.01
T51551,C10488,P1349,2025-03-19,2,0.0,Paid,Partner,3249.18,0.0,3249.18,428.06,2821.12
T51552,C10752,P1039,2025-03-31,4,0.02,Pending,Direct,5923.04,118.46,5804.58,3525.04,2279.54
T51553,C10008,P1170,2026-03-08,27,0.0,Paid,Partner,33360.12,0.0,33360.12,26204.31,7155.81
T51554,C10806,P1015,2025-03-16,4,0.05,Paid,Direct,8710.88,435.54,8275.34,4516.92,3758.42
T51555,C10242,P1173,2025-09-30,9,0.0,Failed,Partner,13405.95,0.0,13405.95,6668.01,6737.94
T51556,C10518,P1201,2025-09-06,4,0.02,Paid,Partner,5190.92,103.82,5087.1,4513.84,573.26
T51557,C10978,P1270,2025-01-27,18,0.05,Paid,Direct,18114.3,905.72,17208.58,15751.62,1456.96
T51558,C10635,P1117,2026-04-28,2,0.0,Paid,Direct,2566.38,0.0,2566.38,2231.64,334.74
T51559,C10989,P1012,2026-07-25,9,0.15,Paid,Direct,4371.21,655.68,3715.53,1672.2,2043.33
T51560,C10603,P1158,2026-01-06,10,0.02,Paid,Direct,12006.1,240.12,11765.98,10440.1,1325.88
T51561,C10210,P1149,2026-01-25,19,0.0,Paid,Direct,26033.61,0.0,26033.61,19577.41,6456.2
T51562,C10692,P1218,2025-05-15,15,0.0,Paid,Direct,14635.35,0.0,14635.35,12726.45,1908.9
T51563,C10615,P1034,2026-05-05,6,0.0,Paid,Partner,6967.44,0.0,6967.44,3882.54,3084.9
T51564,C10310,P1214,2026-03-31,14,0.0,Pending,Direct,16624.86,0.0,16624.86,14456.4,2168.46
T51565,C10076,P1140,2025-09-12,14,0.02,Paid,Direct,22696.24,453.92,22242.32,6255.2,15987.12
T51566,C10648,P1258,2026-02-14,11,0.05,Pending,Direct,15257.22,762.86,14494.36,11203.94,3290.42
T51567,C10577,P1344,2026-07-09,16,0.02,Paid,Direct,18518.24,370.36,18147.88,16102.88,2045.0
T51568,C10773,P1079,2025-12-16,10,0.02,Paid,Direct,21245.8,424.92,20820.88,3450.6,17370.28
T51569,C10125,P1263,2025-04-26,10,0.1,Paid,Partner,17883.9,1788.39,16095.51,9146.1,6949.41
T51570,C10538,P1044,2025-07-11,23,0.0,Paid,Partner,28888.69,0.0,28888.69,12081.67,16807.02
T51571,C10818,P1344,2025-04-18,8,0.05,Paid,Direct,9259.12,462.96,8796.16,8051.44,744.72
T51572,C10891,P1168,2025-07-12,10,0.15,Paid,Direct,8566.6,1284.99,7281.61,7449.2,-167.59
T51573,C10939,P1261,2026-06-01,5,0.0,Pending,Direct,9084.9,0.0,9084.9,1099.55,7985.35
T51574,C10211,P1272,2025-04-21,21,0.05,Paid,Partner,18473.07,923.65,17549.42,16063.53,1485.89
T51575,C10172,P1212,2026-06-02,21,0.15,Paid,Direct,27659.94,4148.99,23510.95,24052.14,-541.19
T51576,C10576,P1134,2025-06-15,20,0.02,Paid,Partner,19274.6,385.49,18889.11,4730.8,14158.31
T51577,C10462,P1263,2025-10-17,5,0.2,Pending,Partner,8941.95,1788.39,7153.56,4573.05,2580.51
T51578,C10234,P1166,2025-11-03,14,0.0,Paid,Partner,27843.76,0.0,27843.76,16155.3,11688.46
T51579,C10102,P1230,2025-03-14,9,0.05,Paid,Direct,11019.6,550.98,10468.62,9582.3,886.32
T51580,C10143,P1214,2025-04-17,23,0.0,Paid,Online,27312.27,0.0,27312.27,23749.8,3562.47
T51581,C10339,P1162,2025-06-27,10,0.0,Paid,Direct,21163.8,0.0,21163.8,8928.0,12235.8
T51582,C10739,P1040,2025-02-04,13,0.2,Paid,Direct,19810.96,3962.19,15848.77,11799.58,4049.19
T51583,C10065,P1102,2026-03-14,14,0.0,Paid,Online,10385.62,0.0,10385.62,9030.98,1354.64
T51584,C10105,P1328,2025-11-13,23,0.2,Paid,Partner,46478.17,9295.63,37182.54,14813.61,22368.93
T51585,C10264,P1182,2026-05-06,21,0.05,Pending,Direct,36893.64,1844.68,35048.96,20478.15,14570.81
T51586,C10873,P1222,2026-05-16,24,0.15,Paid,Direct,24821.28,3723.19,21098.09,9859.2,11238.89
T51587,C10990,P1090,2025-07-21,13,0.2,Paid,Direct,21504.47,4300.89,17203.58,3450.2,13753.38
T51588,C10440,P1247,2026-04-19,24,0.05,Paid,Partner,32637.6,1631.88,31005.72,2065.92,28939.8
T51589,C10044,P1170,2025-02-05,26,0.2,Pending,Direct,32124.56,6424.91,25699.65,25233.78,465.87
T51590,C10011,P1076,2025-09-07,16,0.1,Paid,Direct,27375.04,2737.5,24637.54,16825.44,7812.1
T51591,C10858,P1051,2026-01-22,20,0.02,Paid,Direct,40291.6,805.83,39485.77,2156.8,37328.97
T51592,C10444,P1138,2025-09-28,27,0.05,Pending,Online,15264.45,763.22,14501.23,13273.47,1227.76
T51593,C10077,P1197,2026-03-05,25,0.0,Paid,Partner,14027.0,0.0,14027.0,12197.5,1829.5
T51594,C10833,P1098,2026-05-13,9,0.0,Paid,Direct,9928.8,0.0,9928.8,6678.72,3250.08
T51595,C10528,P1085,2025-09-03,21,0.0,Paid,Online,26961.06,0.0,26961.06,5117.91,21843.15
T51596,C10349,P1094,2025-06-09,13,0.02,Paid,Direct,3041.22,60.82,2980.4,1347.97,1632.43
T51597,C10452,P1102,2025-12-05,5,0.0,Paid,Partner,3709.15,0.0,3709.15,3225.35,483.8
T51598,C10225,P1258,2026-05-19,11,0.02,Paid,Partner,15257.22,305.14,14952.08,11203.94,3748.14
T51599,C10931,P1174,2026-07-27,29,0.05,Paid,Direct,22148.46,1107.42,21041.04,5407.34,15633.7
T51600,C10787,P1164,2026-04-19,28,0.05,Paid,Partner,36329.72,1816.49,34513.23,31591.0,2922.23
T51601,C10199,P1056,2025-05-23,23,0.15,Failed,Online,28505.97,4275.9,24230.07,12636.43,11593.64
T51602,C10734,P1190,2025-04-30,29,0.2,Paid,Direct,18303.93,3660.79,14643.14,15916.36,-1273.22
T51603,C10179,P1336,2025-11-29,17,0.15,Refunded,Direct,28030.11,4204.52,23825.59,17391.51,6434.08
T51604,C10453,P1260,2025-08-22,22,0.05,Paid,Partner,19605.3,980.26,18625.04,6732.0,11893.04
T51605,C10748,P1156,2025-12-21,5,0.0,Paid,Direct,2820.3,0.0,2820.3,1533.45,1286.85
T51606,C10036,P1107,2026-06-20,9,0.15,Failed,Direct,3572.28,535.84,3036.44,3106.35,-69.91
T51607,C10725,P1123,2025-11-15,6,0.0,Paid,Direct,9230.64,0.0,9230.64,5718.06,3512.58
T51608,C10225,P1009,2025-07-26,28,0.0,Paid,Partner,30417.8,0.0,30417.8,26450.2,3967.6
T51609,C10699,P1010,2026-05-20,18,0.0,Paid,Partner,16995.96,0.0,16995.96,14779.08,2216.88
T51610,C10499,P1271,2025-09-12,28,0.05,Paid,Online,37926.0,1896.3,36029.7,32979.24,3050.46
T51611,C10026,P1295,2025-12-17,13,0.05,Paid,Direct,7961.2,398.06,7563.14,6922.76,640.38
T51612,C10761,P1338,2025-03-20,12,0.0,Refunded,Online,15820.32,0.0,15820.32,4731.36,11088.96
T51613,C10259,P1219,2025-10-22,20,0.1,Paid,Direct,23834.8,2383.48,21451.32,1875.6,19575.72
T51614,C10952,P1325,2025-09-05,17,0.0,Paid,Partner,17694.96,0.0,17694.96,15386.87,2308.09
T51615,C10839,P1145,2025-03-13,11,0.0,Paid,Partner,13994.86,0.0,13994.86,12169.41,1825.45
T51616,C10192,P1088,2025-05-03,10,0.0,Paid,Direct,21683.9,0.0,21683.9,2411.4,19272.5
T51617,C10600,P1085,2026-02-12,15,0.0,Paid,Partner,19257.9,0.0,19257.9,3655.65,15602.25
T51618,C10362,P1082,2025-04-15,3,0.1,Paid,Direct,1151.73,115.17,1036.56,593.73,442.83
T51619,C10602,P1260,2025-03-18,6,0.0,Paid,Direct,5346.9,0.0,5346.9,1836.0,3510.9
T51620,C10557,P1003,2025-02-03,2,0.0,Paid,Partner,3465.64,0.0,3465.64,2157.36,1308.28
T51621,C10295,P1330,2025-01-16,5,0.0,Paid,Direct,5611.15,0.0,5611.15,4879.25,731.9
T51622,C10651,P1271,2025-09-09,6,0.1,Paid,Partner,8127.0,812.7,7314.3,7066.98,247.32
T51623,C10260,P1133,2025-10-11,3,0.2,Paid,Direct,4080.48,816.1,3264.38,1135.32,2129.06
T51624,C10907,P1245,2025-12-29,2,0.05,Paid,Direct,1874.54,93.73,1780.81,1630.04,150.77
T51625,C10946,P1047,2025-11-29,24,0.05,Paid,Partner,27342.48,1367.12,25975.36,19737.84,6237.52
T51626,C10165,P1150,2025-11-08,6,0.15,Paid,Direct,5726.16,858.92,4867.24,4865.4,1.84
T51627,C10727,P1038,2026-08-03,17,0.0,Paid,Online,24770.02,0.0,24770.02,16670.54,8099.48
T51628,C10929,P1039,2025-05-25,3,0.0,Paid,Online,4442.28,0.0,4442.28,2643.78,1798.5
T51629,C10126,P1002,2026-02-18,28,0.02,Paid,Direct,61339.6,1226.79,60112.81,33360.88,26751.93
T51630,C10739,P1278,2025-02-16,7,0.0,Failed,Direct,9571.45,0.0,9571.45,1917.3,7654.15
T51631,C10937,P1260,2026-05-08,22,0.02,Failed,Direct,19605.3,392.11,19213.19,6732.0,12481.19
T51632,C10225,P1312,2025-07-30,19,0.02,Paid,Partner,41154.19,823.08,40331.11,6320.54,34010.57
T51633,C10582,P1343,2025-07-20,23,0.0,Failed,Direct,8158.56,0.0,8158.56,2218.12,5940.44
T51634,C10797,P1337,2025-03-20,19,0.02,Paid,Online,33346.33,666.93,32679.4,2702.56,29976.84
T51635,C10333,P1347,2025-10-23,15,0.02,Paid,Online,32361.15,647.22,31713.93,3780.75,27933.18
T51636,C10237,P1005,2025-08-20,23,0.0,Paid,Direct,35873.33,0.0,35873.33,24786.87,11086.46
T51637,C10397,P1274,2026-07-20,24,0.1,Paid,Partner,38438.16,3843.82,34594.34,18486.48,16107.86
T51638,C10335,P1253,2025-04-14,12,0.05,Paid,Direct,20814.24,1040.71,19773.53,1729.2,18044.33
T51639,C10725,P1056,2025-08-31,28,0.0,Failed,Direct,34702.92,0.0,34702.92,15383.48,19319.44
T51640,C10370,P1047,2026-06-07,29,0.0,Paid,Direct,33038.83,0.0,33038.83,23849.89,9188.94
T51641,C10376,P1342,2026-04-14,21,0.0,Paid,Partner,37508.1,0.0,37508.1,19148.22,18359.88
T51642,C10944,P1308,2026-03-20,27,0.0,Paid,Direct,41556.24,0.0,41556.24,11747.43,29808.81
T51643,C10578,P1114,2025-11-02,4,0.0,Paid,Online,7696.76,0.0,7696.76,775.48,6921.28
T51644,C10929,P1026,2026-05-22,16,0.0,Pending,Direct,21499.52,0.0,21499.52,18695.2,2804.32
T51645,C10710,P1116,2025-05-10,19,0.1,Paid,Partner,34044.01,3404.4,30639.61,2625.8,28013.81
T51646,C10885,P1001,2026-04-15,27,0.1,Paid,Online,57099.06,5709.91,51389.15,15317.37,36071.78
T51647,C10195,P1240,2025-12-03,4,0.1,Paid,Partner,1608.76,160.88,1447.88,1398.92,48.96
T51648,C10938,P1133,2025-07-22,24,0.05,Paid,Direct,32643.84,1632.19,31011.65,9082.56,21929.09
T51649,C10944,P1017,2025-05-07,3,0.05,Paid,Direct,5610.27,280.51,5329.76,652.47,4677.29
T51650,C10040,P1342,2025-10-30,11,0.05,Paid,Direct,19647.1,982.36,18664.74,10030.02,8634.72
T51651,C10356,P1289,2025-01-02,21,0.15,Paid,Direct,17566.29,2634.94,14931.35,15274.98,-343.63
T51652,C10413,P1316,2026-02-19,9,0.05,Paid,Online,16036.74,801.84,15234.9,7251.3,7983.6
T51653,C10419,P1349,2025-05-17,25,0.05,Paid,Direct,40614.75,2030.74,38584.01,5350.75,33233.26
T51654,C10778,P1004,2025-08-14,27,0.1,Paid,Direct,28517.67,2851.77,25665.9,24797.88,868.02
T51655,C10698,P1271,2025-04-23,5,0.05,Paid,Partner,6772.5,338.62,6433.88,5889.15,544.73
T51656,C10212,P1275,2025-09-27,8,0.0,Pending,Direct,13312.72,0.0,13312.72,1019.44,12293.28
T51657,C10608,P1273,2025-08-04,3,0.0,Paid,Online,4909.89,0.0,4909.89,423.12,4486.77
T51658,C10974,P1092,2025-04-19,21,0.02,Paid,Direct,18066.51,361.33,17705.18,5293.05,12412.13
T51659,C10440,P1136,2026-05-31,26,0.0,Failed,Direct,51153.44,0.0,51153.44,14219.92,36933.52
T51660,C10928,P1325,2026-03-17,18,0.0,Paid,Partner,18735.84,0.0,18735.84,16291.98,2443.86
T51661,C10649,P1023,2025-08-13,4,0.0,Failed,Direct,6793.72,0.0,6793.72,1200.04,5593.68
T51662,C10924,P1224,2025-02-03,6,0.0,Paid,Online,11246.82,0.0,11246.82,3452.34,7794.48
T51663,C10902,P1277,2026-05-06,2,0.2,Failed,Direct,3949.08,789.82,3159.26,1749.46,1409.8
T51664,C10016,P1279,2026-02-09,15,0.02,Paid,Direct,6125.25,122.5,6002.75,2740.95,3261.8
T51665,C10800,P1209,2025-11-19,21,0.0,Pending,Direct,12111.75,0.0,12111.75,10531.92,1579.83
T51666,C10189,P1268,2025-12-17,5,0.02,Paid,Direct,1703.2,34.06,1669.14,1481.05,188.09
T51667,C10824,P1318,2025-01-05,25,0.0,Paid,Partner,24658.0,0.0,24658.0,10854.0,13804.0
T51668,C10808,P1268,2025-10-02,8,0.05,Paid,Direct,2725.12,136.26,2588.86,2369.68,219.18
T51669,C10258,P1040,2025-04-20,15,0.05,Paid,Partner,22858.8,1142.94,21715.86,13614.9,8100.96
T51670,C10066,P1085,2026-01-13,20,0.0,Paid,Online,25677.2,0.0,25677.2,4874.2,20803.0
T51671,C10419,P1106,2026-06-25,16,0.02,Failed,Direct,29380.8,587.62,28793.18,4532.48,24260.7
T51672,C10302,P1120,2025-11-04,14,0.0,Paid,Partner,26728.24,0.0,26728.24,15273.58,11454.66
T51673,C10553,P1126,2025-12-17,10,0.05,Paid,Direct,19860.5,993.03,18867.47,2307.0,16560.47
T51674,C10082,P1076,2026-01-23,13,0.15,Paid,Partner,22242.22,3336.33,18905.89,13670.67,5235.22
T51675,C10044,P1239,2026-06-24,7,0.15,Paid,Direct,14235.13,2135.27,12099.86,787.36,11312.5
T51676,C10437,P1038,2025-01-23,9,0.0,Refunded,Partner,13113.54,0.0,13113.54,8825.58,4287.96
T51677,C10769,P1275,2025-06-29,22,0.05,Paid,Direct,36609.98,1830.5,34779.48,2803.46,31976.02
T51678,C10314,P1230,2025-06-05,26,0.1,Paid,Direct,31834.4,3183.44,28650.96,27682.2,968.76
T51679,C10323,P1336,2026-02-20,25,0.1,Paid,Direct,41220.75,4122.08,37098.67,25575.75,11522.92
T51680,C10164,P1002,2025-09-17,10,0.0,Paid,Direct,21907.0,0.0,21907.0,11914.6,9992.4
T51681,C10282,P1103,2026-03-24,10,0.02,Paid,Online,12887.0,257.74,12629.26,10600.1,2029.16
T51682,C10298,P1314,2025-10-01,2,0.0,Paid,Direct,2409.8,0.0,2409.8,1427.32,982.48
T51683,C10259,P1172,2026-07-20,8,0.0,Paid,Online,10888.24,0.0,10888.24,2910.32,7977.92
T51684,C10343,P1196,2026-03-21,17,0.05,Pending,Direct,17639.03,881.95,16757.08,6511.0,10246.08
T51685,C10283,P1010,2025-01-11,8,0.02,Paid,Direct,7553.76,151.08,7402.68,6568.48,834.2
T51686,C10680,P1266,2026-07-28,22,0.0,Paid,Direct,21972.5,0.0,21972.5,5584.48,16388.02
T51687,C10338,P1088,2026-07-07,2,0.1,Paid,Direct,4336.78,433.68,3903.1,482.28,3420.82
T51688,C10754,P1337,2025-01-26,12,0.02,Paid,Partner,21060.84,421.22,20639.62,1706.88,18932.74
T51689,C10604,P1130,2025-08-16,9,0.2,Paid,Direct,7771.14,1554.23,6216.91,5385.06,831.85
T51690,C10640,P1066,2026-07-17,15,0.1,Paid,Online,16774.65,1677.46,15097.19,14586.6,510.59
T51691,C10583,P1207,2026-05-02,1,0.1,Paid,Direct,1097.03,109.7,987.33,953.94,33.39
T51692,C10922,P1167,2025-09-29,13,0.1,Paid,Direct,14606.02,1460.6,13145.42,12700.87,444.55
T51693,C10255,P1164,2025-11-12,23,0.0,Paid,Direct,29842.27,0.0,29842.27,25949.75,3892.52
T51694,C10982,P1332,2025-01-18,25,0.0,Paid,Partner,48766.25,0.0,48766.25,25446.75,23319.5
T51695,C10206,P1127,2025-11-24,8,0.15,Paid,Direct,12214.48,1832.17,10382.31,5443.2,4939.11
T51696,C10138,P1139,2026-01-22,13,0.0,Paid,Online,11062.35,0.0,11062.35,6374.68,4687.67
T51697,C10826,P1218,2025-07-28,21,0.02,Paid,Direct,20489.49,409.79,20079.7,17817.03,2262.67
T51698,C10895,P1059,2025-06-27,14,0.05,Paid,Direct,28427.56,1421.38,27006.18,15749.86,11256.32
T51699,C10092,P1290,2026-04-26,16,0.0,Paid,Partner,31831.52,0.0,31831.52,13820.0,18011.52
T51700,C10599,P1080,2025-09-18,10,0.0,Paid,Partner,17531.1,0.0,17531.1,9155.4,8375.7
T51701,C10512,P1084,2025-06-03,25,0.02,Paid,Partner,26304.5,526.09,25778.41,18644.25,7134.16
T51702,C10220,P1003,2025-08-06,19,0.02,Paid,Direct,32923.58,658.47,32265.11,20494.92,11770.19
T51703,C10520,P1120,2025-10-13,28,0.05,Paid,Partner,53456.48,2672.82,50783.66,30547.16,20236.5
T51704,C10685,P1203,2025-05-31,23,0.0,Paid,Direct,24908.77,0.0,24908.77,11714.36,13194.41
T51705,C10574,P1246,2025-11-21,11,0.02,Paid,Online,14485.68,289.71,14195.97,1325.5,12870.47
T51706,C10519,P1314,2026-05-15,10,0.0,Paid,Direct,12049.0,0.0,12049.0,7136.6,4912.4
T51707,C10885,P1272,2026-03-07,3,0.05,Paid,Partner,2639.01,131.95,2507.06,2294.79,212.27
T51708,C10225,P1112,2025-05-15,19,0.0,Paid,Direct,30631.42,0.0,30631.42,9470.55,21160.87
T51709,C10623,P1288,2025-10-01,22,0.0,Paid,Partner,29667.22,0.0,29667.22,9185.0,20482.22
T51710,C10316,P1068,2025-11-12,11,0.1,Paid,Online,15145.68,1514.57,13631.11,7419.06,6212.05
T51711,C10973,P1073,2026-01-30,1,0.0,Paid,Online,2162.7,0.0,2162.7,499.09,1663.61
T51712,C10251,P1125,2026-03-15,24,0.05,Paid,Direct,26288.4,1314.42,24973.98,22859.52,2114.46
T51713,C10871,P1188,2025-10-09,7,0.0,Paid,Direct,14001.68,0.0,14001.68,1247.61,12754.07
T51714,C10632,P1071,2025-07-02,17,0.0,Paid,Partner,27050.74,0.0,27050.74,12843.16,14207.58
T51715,C10214,P1315,2026-01-18,2,0.0,Paid,Partner,1992.36,0.0,1992.36,1732.48,259.88
T51716,C10758,P1094,2025-03-14,2,0.15,Failed,Partner,467.88,70.18,397.7,207.38,190.32
T51717,C10241,P1137,2026-01-27,27,0.02,Paid,Direct,14433.39,288.67,14144.72,9192.96,4951.76
T51718,C10262,P1211,2026-06-04,20,0.0,Paid,Direct,20329.4,0.0,20329.4,17677.8,2651.6
T51719,C10344,P1150,2026-02-16,1,0.02,Paid,Direct,954.36,19.09,935.27,810.9,124.37
T51720,C10681,P1141,2025-09-09,3,0.02,Pending,Partner,5415.69,108.31,5307.38,1515.0,3792.38
T51721,C10391,P1344,2026-04-23,15,0.1,Paid,Direct,17360.85,1736.08,15624.77,15096.45,528.32
T51722,C10569,P1152,2025-11-05,20,0.2,Paid,Direct,23373.6,4674.72,18698.88,13533.0,5165.88
T51723,C10552,P1039,2025-11-10,13,0.02,Paid,Partner,19249.88,385.0,18864.88,11456.38,7408.5
T51724,C10196,P1255,2026-05-10,26,0.02,Paid,Direct,33462.0,669.24,32792.76,29097.38,3695.38
T51725,C10232,P1246,2025-04-23,19,0.0,Paid,Online,25020.72,0.0,25020.72,2289.5,22731.22
T51726,C10306,P1076,2026-03-29,18,0.2,Paid,Direct,30796.92,6159.38,24637.54,18928.62,5708.92
T51727,C10222,P1297,2026-01-30,9,0.02,Paid,Direct,6788.25,135.77,6652.48,1921.68,4730.8
T51728,C10918,P1137,2025-11-03,20,0.0,Paid,Direct,10691.4,0.0,10691.4,6809.6,3881.8
T51729,C10381,P1052,2025-02-14,26,0.2,Paid,Direct,35193.6,7038.72,28154.88,18247.32,9907.56
T51730,C10404,P1060,2026-03-21,2,0.2,Paid,Partner,2886.42,577.28,2309.14,1961.76,347.38
T51731,C10672,P1250,2025-05-07,22,0.02,Paid,Direct,41787.02,835.74,40951.28,21508.52,19442.76
T51732,C10788,P1075,2026-06-04,26,0.0,Paid,Direct,29351.14,0.0,29351.14,21064.16,8286.98
T51733,C10688,P1164,2026-04-05,13,0.05,Pending,Direct,16867.37,843.37,16024.0,14667.25,1356.75
T51734,C10551,P1256,2025-07-30,23,0.1,Paid,Partner,46771.19,4677.12,42094.07,21729.48,20364.59
T51735,C10976,P1298,2025-09-10,11,0.02,Failed,Partner,16614.62,332.29,16282.33,2532.09,13750.24
T51736,C10899,P1171,2025-01-15,6,0.0,Paid,Direct,10030.5,0.0,10030.5,6837.3,3193.2
T51737,C10202,P1317,2025-10-16,24,0.0,Paid,Direct,29195.28,0.0,29195.28,19457.52,9737.76
T51738,C10160,P1105,2025-02-03,10,0.0,Paid,Direct,20456.4,0.0,20456.4,1286.9,19169.5
T51739,C10392,P1305,2026-07-27,22,0.0,Paid,Partner,30845.76,0.0,30845.76,11832.48,19013.28
T51740,C10835,P1087,2026-01-07,10,0.1,Paid,Direct,21381.2,2138.12,19243.08,4275.7,14967.38
T51741,C10964,P1022,2025-05-17,12,0.0,Paid,Direct,14621.28,0.0,14621.28,12714.12,1907.16
T51742,C10702,P1253,2026-04-12,20,0.02,Paid,Partner,34690.4,693.81,33996.59,2882.0,31114.59
T51743,C10690,P1264,2025-01-12,10,0.1,Paid,Direct,13815.0,1381.5,12433.5,7856.1,4577.4
T51744,C10233,P1324,2025-11-15,24,0.02,Pending,Partner,50908.32,1018.17,49890.15,15702.48,34187.67
T51745,C10592,P1322,2025-03-06,2,0.0,Paid,Direct,3098.58,0.0,3098.58,1562.26,1536.32
T51746,C10184,P1035,2025-02-01,1,0.15,Paid,Online,986.21,147.93,838.28,857.57,-19.29
T51747,C10539,P1217,2025-05-22,3,0.0,Paid,Direct,5756.01,0.0,5756.01,2216.55,3539.46
T51748,C10193,P1246,2025-06-20,8,0.15,Paid,Direct,10535.04,1580.26,8954.78,964.0,7990.78
T51749,C10075,P1210,2026-02-26,2,0.0,Paid,Direct,3162.58,0.0,3162.58,2370.06,792.52
T51750,C10967,P1006,2026-06-01,12,0.02,Paid,Direct,19152.96,383.06,18769.9,12967.92,5801.98
T51751,C10893,P1015,2026-03-26,1,0.05,Paid,Partner,2177.72,108.89,2068.83,1129.23,939.6
T51752,C10685,P1234,2026-03-06,22,0.02,Pending,Direct,30334.7,606.69,29728.01,26378.0,3350.01
T51753,C10625,P1299,2025-11-24,5,0.02,Paid,Direct,9321.5,186.43,9135.07,1957.2,7177.87
T51754,C10239,P1062,2025-08-04,29,0.0,Paid,Partner,31980.62,0.0,31980.62,27809.26,4171.36
T51755,C10571,P1016,2025-05-28,25,0.05,Paid,Direct,32243.5,1612.18,30631.32,8747.25,21884.07
T51756,C10748,P1141,2026-07-03,21,0.0,Paid,Partner,37909.83,0.0,37909.83,10605.0,27304.83
T51757,C10539,P1109,2025-10-30,24,0.1,Paid,Partner,19866.0,1986.6,17879.4,17274.72,604.68
T51758,C10281,P1344,2025-11-24,23,0.05,Paid,Direct,26619.97,1331.0,25288.97,23147.89,2141.08
T51759,C10391,P1324,2025-01-09,25,0.02,Paid,Partner,53029.5,1060.59,51968.91,16356.75,35612.16
T51760,C10840,P1195,2025-09-23,17,0.0,Failed,Online,20418.7,0.0,20418.7,15878.68,4540.02
T51761,C10254,P1332,2026-01-31,19,0.02,Paid,Partner,37062.35,741.25,36321.1,19339.53,16981.57
T51762,C10961,P1080,2025-10-15,14,0.05,Failed,Direct,24543.54,1227.18,23316.36,12817.56,10498.8
T51763,C10755,P1347,2025-12-23,19,0.0,Paid,Direct,40990.79,0.0,40990.79,4788.95,36201.84
T51764,C10890,P1156,2026-04-15,12,0.05,Paid,Online,6768.72,338.44,6430.28,3680.28,2750.0
T51765,C10509,P1166,2025-01-13,4,0.0,Paid,Partner,7955.36,0.0,7955.36,4615.8,3339.56
T51766,C10223,P1017,2026-06-09,28,0.0,Paid,Direct,52362.52,0.0,52362.52,6089.72,46272.8
T51767,C10033,P1062,2026-04-19,21,0.05,Refunded,Direct,23158.38,1157.92,22000.46,20137.74,1862.72
T51768,C10534,P1068,2025-09-01,21,0.0,Paid,Partner,28914.48,0.0,28914.48,14163.66,14750.82
T51769,C10399,P1170,2026-03-19,9,0.0,Paid,Partner,11120.04,0.0,11120.04,8734.77,2385.27
T51770,C10113,P1066,2025-02-08,23,0.05,Pending,Online,25721.13,1286.06,24435.07,22366.12,2068.95
T51771,C10928,P1035,2025-06-28,16,0.05,Paid,Online,15779.36,788.97,14990.39,13721.12,1269.27
T51772,C10970,P1211,2025-03-04,3,0.0,Paid,Direct,3049.41,0.0,3049.41,2651.67,397.74
T51773,C10373,P1305,2026-01-04,28,0.0,Paid,Partner,39258.24,0.0,39258.24,15059.52,24198.72
T51774,C10668,P1024,2026-05-12,29,0.02,Paid,Direct,30138.25,602.76,29535.49,12399.24,17136.25
T51775,C10413,P1196,2025-12-15,26,0.05,Paid,Direct,26977.34,1348.87,25628.47,9958.0,15670.47
T51776,C10496,P1336,2026-02-17,14,0.02,Pending,Direct,23083.62,461.67,22621.95,14322.42,8299.53
T51777,C10623,P1141,2025-03-25,7,0.05,Paid,Online,12636.61,631.83,12004.78,3535.0,8469.78
T51778,C10416,P1064,2026-06-26,1,0.1,Paid,Direct,232.58,23.26,209.32,202.24,7.08
T51779,C10801,P1027,2025-04-23,22,0.15,Paid,Direct,16212.9,2431.94,13780.96,14098.26,-317.3
T51780,C10189,P1327,2025-11-02,26,0.0,Paid,Direct,49683.66,0.0,49683.66,28901.08,20782.58
T51781,C10668,P1141,2026-02-01,4,0.0,Paid,Direct,7220.92,0.0,7220.92,2020.0,5200.92
T51782,C10983,P1036,2026-05-12,20,0.0,Paid,Direct,16809.6,0.0,16809.6,14617.0,2192.6
T51783,C10850,P1303,2026-06-26,1,0.0,Pending,Direct,1941.47,0.0,1941.47,790.78,1150.69
T51784,C10045,P1280,2025-12-14,23,0.02,Paid,Direct,10226.26,204.53,10021.73,6567.88,3453.85
T51785,C10113,P1246,2025-12-01,1,0.15,Paid,Direct,1316.88,197.53,1119.35,120.5,998.85
T51786,C10628,P1029,2025-08-30,29,0.0,Failed,Partner,7004.37,0.0,7004.37,2772.69,4231.68
T51787,C10924,P1028,2025-11-26,5,0.0,Paid,Partner,10047.8,0.0,10047.8,1205.85,8841.95
T51788,C10844,P1076,2026-01-27,12,0.02,Paid,Partner,20531.28,410.63,20120.65,12619.08,7501.57
T51789,C10903,P1055,2026-01-11,21,0.2,Refunded,Direct,24623.97,4924.79,19699.18,4980.78,14718.4
T51790,C10149,P1186,2025-12-10,25,0.0,Paid,Direct,38323.0,0.0,38323.0,5352.5,32970.5
T51791,C10519,P1137,2025-09-13,11,0.1,Paid,Direct,5880.27,588.03,5292.24,3745.28,1546.96
T51792,C10725,P1267,2025-04-24,29,0.1,Paid,Online,30107.8,3010.78,27097.02,26180.62,916.4
T51793,C10624,P1035,2025-02-01,1,0.02,Paid,Direct,986.21,19.72,966.49,857.57,108.92
T51794,C10777,P1254,2025-09-02,14,0.05,Pending,Direct,26652.64,1332.63,25320.01,13679.12,11640.89
T51795,C10212,P1326,2025-08-18,29,0.02,Paid,Online,35777.01,715.54,35061.47,31110.33,3951.14
T51796,C10457,P1045,2025-12-19,8,0.0,Refunded,Online,6750.72,0.0,6750.72,3336.48,3414.24
T51797,C10447,P1228,2026-06-07,16,0.02,Paid,Direct,18139.52,362.79,17776.73,3261.76,14514.97
T51798,C10939,P1178,2026-02-11,13,0.0,Paid,Partner,25250.42,0.0,25250.42,9374.56,15875.86
T51799,C10202,P1033,2026-04-12,12,0.05,Paid,Direct,16226.52,811.33,15415.19,2597.4,12817.79
T51800,C10326,P1102,2025-12-02,23,0.1,Failed,Direct,17062.09,1706.21,15355.88,14836.61,519.27
T51801,C10021,P1275,2026-06-22,16,0.0,Failed,Direct,26625.44,0.0,26625.44,2038.88,24586.56
T51802,C10151,P1304,2026-06-29,21,0.05,Paid,Online,14070.21,703.51,13366.7,11365.83,2000.87
T51803,C10980,P1128,2025-03-30,16,0.0,Pending,Direct,12069.12,0.0,12069.12,10494.88,1574.24
T51804,C10847,P1037,2026-01-06,29,0.0,Paid,Partner,54501.44,0.0,54501.44,8808.75,45692.69
T51805,C10259,P1085,2025-10-21,14,0.05,Paid,Direct,17974.04,898.7,17075.34,3411.94,13663.4
T51806,C10702,P1295,2026-07-18,24,0.0,Paid,Partner,14697.6,0.0,14697.6,12780.48,1917.12
T51807,C10593,P1199,2025-12-06,18,0.1,Refunded,Partner,6500.88,650.09,5850.79,4617.54,1233.25
T51808,C10906,P1150,2025-01-10,24,0.0,Paid,Partner,22904.64,0.0,22904.64,19461.6,3443.04
T51809,C10300,P1004,2025-05-02,26,0.1,Paid,Online,27461.46,2746.15,24715.31,23879.44,835.87
T51810,C10994,P1273,2025-03-17,7,0.02,Refunded,Partner,11456.41,229.13,11227.28,987.28,10240.0
T51811,C10370,P1162,2025-04-27,9,0.02,Paid,Partner,19047.42,380.95,18666.47,8035.2,10631.27
T51812,C10716,P1190,2025-02-25,9,0.1,Paid,Direct,5680.53,568.05,5112.48,4939.56,172.92
T51813,C10397,P1295,2026-03-30,15,0.02,Paid,Online,9186.0,183.72,9002.28,7987.8,1014.48
T51814,C10671,P1196,2025-10-14,15,0.0,Paid,Direct,15563.85,0.0,15563.85,5745.0,9818.85
T51815,C10335,P1324,2026-01-25,1,0.1,Paid,Direct,2121.18,212.12,1909.06,654.27,1254.79
T51816,C10843,P1195,2026-08-03,26,0.0,Paid,Direct,31228.6,0.0,31228.6,24285.04,6943.56
T51817,C10637,P1119,2026-01-11,25,0.0,Pending,Direct,35622.25,0.0,35622.25,25620.0,10002.25
T51818,C10288,P1322,2025-10-05,18,0.02,Paid,Partner,27887.22,557.74,27329.48,14060.34,13269.14
T51819,C10960,P1224,2025-06-04,9,0.05,Paid,Direct,16870.23,843.51,16026.72,5178.51,10848.21
T51820,C10709,P1266,2026-03-14,24,0.05,Pending,Direct,23970.0,1198.5,22771.5,6092.16,16679.34
T51821,C10428,P1079,2025-10-21,8,0.1,Paid,Online,16996.64,1699.66,15296.98,2760.48,12536.5
T51822,C10135,P1234,2026-03-16,9,0.02,Pending,Online,12409.65,248.19,12161.46,10791.0,1370.46
T51823,C10973,P1196,2025-01-14,29,0.0,Paid,Direct,30090.11,0.0,30090.11,11107.0,18983.11
T51824,C10754,P1036,2025-04-05,27,0.0,Failed,Online,22692.96,0.0,22692.96,19732.95,2960.01
T51825,C10667,P1088,2025-03-17,17,0.0,Paid,Direct,36862.63,0.0,36862.63,4099.38,32763.25
T51826,C10833,P1319,2026-01-31,5,0.05,Paid,Direct,5531.05,276.55,5254.5,4809.6,444.9
T51827,C10607,P1199,2025-10-28,4,0.0,Paid,Online,1444.64,0.0,1444.64,1026.12,418.52
T51828,C10232,P1271,2025-07-03,28,0.05,Failed,Partner,37926.0,1896.3,36029.7,32979.24,3050.46
T51829,C10237,P1060,2025-06-29,8,0.05,Refunded,Partner,11545.68,577.28,10968.4,7847.04,3121.36
T51830,C10079,P1076,2025-12-18,20,0.1,Paid,Direct,34218.8,3421.88,30796.92,21031.8,9765.12
T51831,C10062,P1329,2026-07-15,11,0.0,Paid,Direct,8383.32,0.0,8383.32,7289.81,1093.51
T51832,C10728,P1147,2026-08-01,15,0.0,Paid,Direct,32925.6,0.0,32925.6,6716.4,26209.2
T51833,C10851,P1310,2025-10-01,29,0.15,Paid,Online,38054.38,5708.16,32346.22,15909.69,16436.53
T51834,C10163,P1282,2026-01-24,18,0.05,Pending,Direct,12287.34,614.37,11672.97,10684.62,988.35
T51835,C10573,P1117,2025-02-18,13,0.02,Paid,Direct,16681.47,333.63,16347.84,14505.66,1842.18
T51836,C10123,P1332,2026-07-03,13,0.05,Paid,Direct,25358.45,1267.92,24090.53,13232.31,10858.22
T51837,C10414,P1271,2025-01-11,7,0.15,Failed,Partner,9481.5,1422.22,8059.28,8244.81,-185.53
T51838,C10790,P1044,2025-07-18,17,0.0,Paid,Direct,21352.51,0.0,21352.51,8929.93,12422.58
T51839,C10811,P1033,2026-02-25,17,0.15,Paid,Partner,22987.57,3448.14,19539.43,3679.65,15859.78
T51840,C10948,P1044,2026-07-17,3,0.0,Paid,Direct,3768.09,0.0,3768.09,1575.87,2192.22
T51841,C10310,P1259,2025-04-10,12,0.2,Paid,Direct,26022.36,5204.47,20817.89,1499.64,19318.25
T51842,C10948,P1050,2026-01-19,19,0.0,Paid,Direct,24380.04,0.0,24380.04,21200.01,3180.03
T51843,C10783,P1098,2025-04-19,2,0.0,Paid,Direct,2206.4,0.0,2206.4,1484.16,722.24
T51844,C10338,P1152,2025-01-30,29,0.0,Paid,Partner,33891.72,0.0,33891.72,19622.85,14268.87
T51845,C10327,P1047,2025-09-03,25,0.1,Paid,Partner,28481.75,2848.18,25633.57,20560.25,5073.32
T51846,C10107,P1115,2025-12-01,19,0.2,Paid,Direct,31650.77,6330.15,25320.62,19255.93,6064.69
T51847,C10920,P1237,2025-06-03,1,0.0,Paid,Direct,247.12,0.0,247.12,181.29,65.83
T51848,C10203,P1340,2026-07-19,16,0.0,Paid,Direct,32050.4,0.0,32050.4,4380.0,27670.4
T51849,C10267,P1164,2025-12-24,27,0.0,Paid,Online,35032.23,0.0,35032.23,30462.75,4569.48
T51850,C10412,P1261,2025-09-12,1,0.0,Paid,Online,1816.98,0.0,1816.98,219.91,1597.07
T51851,C10137,P1185,2025-10-09,23,0.1,Paid,Partner,50350.22,5035.02,45315.2,25828.54,19486.66
T51852,C10805,P1163,2025-09-27,25,0.0,Paid,Direct,42288.0,0.0,42288.0,4365.75,37922.25
T51853,C10698,P1182,2025-03-06,3,0.2,Paid,Direct,5270.52,1054.1,4216.42,2925.45,1290.97
T51854,C10156,P1335,2025-12-18,7,0.15,Paid,Online,11693.64,1754.05,9939.59,1124.97,8814.62
T51855,C10162,P1020,2026-04-01,21,0.0,Paid,Direct,22446.9,0.0,22446.9,5896.38,16550.52
T51856,C10021,P1179,2025-09-02,27,0.02,Paid,Partner,19727.82,394.56,19333.26,16251.3,3081.96
T51857,C10949,P1017,2025-09-04,23,0.2,Paid,Online,43012.07,8602.41,34409.66,5002.27,29407.39
T51858,C10435,P1306,2026-06-13,16,0.1,Paid,Partner,20556.16,2055.62,18500.54,5179.84,13320.7
T51859,C10655,P1210,2025-12-21,18,0.05,Paid,Partner,28463.22,1423.16,27040.06,21330.54,5709.52
T51860,C10149,P1016,2025-06-22,16,0.0,Paid,Direct,20635.84,0.0,20635.84,5598.24,15037.6
T51861,C10230,P1218,2025-01-03,17,0.0,Refunded,Online,16586.73,0.0,16586.73,14423.31,2163.42
T51862,C10541,P1152,2026-04-23,23,0.1,Paid,Direct,26879.64,2687.96,24191.68,15562.95,8628.73
T51863,C10208,P1016,2025-12-30,2,0.02,Paid,Online,2579.48,51.59,2527.89,699.78,1828.11
T51864,C10612,P1342,2025-12-30,7,0.05,Paid,Direct,12502.7,625.14,11877.56,6382.74,5494.82
T51865,C10923,P1132,2025-06-14,2,0.05,Paid,Partner,1831.52,91.58,1739.94,1592.62,147.32
T51866,C10305,P1008,2025-04-18,24,0.02,Paid,Online,35131.68,702.63,34429.05,10412.16,24016.89
T51867,C10607,P1214,2025-10-14,22,0.0,Pending,Partner,26124.78,0.0,26124.78,22717.2,3407.58
T51868,C10915,P1131,2026-03-16,2,0.02,Paid,Direct,3798.72,75.97,3722.75,1022.6,2700.15
T51869,C10893,P1229,2025-06-22,4,0.15,Paid,Direct,6202.72,930.41,5272.31,4786.72,485.59
T51870,C10007,P1056,2025-11-02,8,0.0,Failed,Partner,9915.12,0.0,9915.12,4395.28,5519.84
T51871,C10110,P1289,2026-08-01,8,0.0,Paid,Partner,6691.92,0.0,6691.92,5819.04,872.88
T51872,C10986,P1147,2025-05-08,16,0.2,Paid,Direct,35120.64,7024.13,28096.51,7164.16,20932.35
T51873,C10925,P1147,2025-05-14,15,0.05,Paid,Online,32925.6,1646.28,31279.32,6716.4,24562.92
T51874,C10321,P1281,2025-05-17,11,0.02,Paid,Online,17279.35,345.59,16933.76,12953.93,3979.83
T51875,C10520,P1191,2026-06-14,5,0.1,Pending,Online,6512.25,651.22,5861.03,4736.2,1124.83
T51876,C10572,P1000,2025-11-03,19,0.02,Paid,Partner,17063.52,341.27,16722.25,2475.7,14246.55
T51877,C10668,P1202,2026-06-17,23,0.2,Refunded,Online,15088.46,3017.69,12070.77,13120.35,-1049.58
T51878,C10750,P1226,2026-07-04,19,0.1,Paid,Online,24224.05,2422.41,21801.64,21064.35,737.29
T51879,C10372,P1109,2025-09-02,24,0.0,Paid,Direct,19866.0,0.0,19866.0,17274.72,2591.28
T51880,C10889,P1063,2025-02-01,27,0.02,Paid,Online,14655.33,293.11,14362.22,2699.46,11662.76
T51881,C10059,P1018,2025-06-26,25,0.0,Paid,Direct,54504.0,0.0,54504.0,25271.25,29232.75
T51882,C10032,P1296,2025-11-12,19,0.05,Paid,Online,26008.34,1300.42,24707.92,11610.33,13097.59
T51883,C10957,P1001,2025-08-10,2,0.05,Paid,Partner,4229.56,211.48,4018.08,1134.62,2883.46
T51884,C10177,P1204,2025-01-02,10,0.02,Paid,Partner,12079.8,241.6,11838.2,8972.5,2865.7
T51885,C10994,P1292,2026-07-28,13,0.2,Paid,Direct,16945.37,3389.07,13556.3,14735.11,-1178.81
T51886,C10285,P1123,2025-06-25,21,0.02,Refunded,Direct,32307.24,646.14,31661.1,20013.21,11647.89
T51887,C10364,P1070,2025-12-25,25,0.1,Paid,Direct,30241.25,3024.12,27217.13,26296.75,920.38
T51888,C10027,P1250,2026-07-04,19,0.05,Paid,Partner,36088.79,1804.44,34284.35,18575.54,15708.81
T51889,C10943,P1220,2025-11-12,11,0.02,Paid,Online,12688.28,253.77,12434.51,6477.24,5957.27
T51890,C10359,P1005,2026-02-07,23,0.0,Paid,Direct,35873.33,0.0,35873.33,24786.87,11086.46
T51891,C10167,P1201,2025-01-21,21,0.05,Pending,Direct,27252.33,1362.62,25889.71,23697.66,2192.05
T51892,C10483,P1000,2026-02-09,24,0.05,Failed,Partner,21553.92,1077.7,20476.22,3127.2,17349.02
T51893,C10154,P1139,2026-05-07,18,0.0,Paid,Direct,15317.1,0.0,15317.1,8826.48,6490.62
T51894,C10789,P1106,2026-06-17,19,0.1,Paid,Direct,34889.7,3488.97,31400.73,5382.32,26018.41
T51895,C10073,P1291,2025-02-18,11,0.02,Paid,Direct,21502.58,430.05,21072.53,8878.54,12193.99
T51896,C10499,P1342,2025-05-13,12,0.0,Paid,Partner,21433.2,0.0,21433.2,10941.84,10491.36
T51897,C10391,P1244,2025-01-28,9,0.1,Paid,Partner,12791.79,1279.18,11512.61,9899.19,1613.42
T51898,C10037,P1257,2026-06-17,8,0.0,Paid,Online,8653.12,0.0,8653.12,6895.2,1757.92
T51899,C10052,P1007,2025-06-09,19,0.05,Failed,Direct,17956.52,897.83,17058.69,12561.28,4497.41
T51900,C10518,P1022,2025-11-05,12,0.05,Paid,Direct,14621.28,731.06,13890.22,12714.12,1176.1
T51901,C10394,P1271,2025-10-03,4,0.0,Paid,Partner,5418.0,0.0,5418.0,4711.32,706.68
T51902,C10129,P1149,2026-02-04,2,0.02,Paid,Online,2740.38,54.81,2685.57,2060.78,624.79
T51903,C10138,P1177,2026-06-04,25,0.0,Refunded,Direct,20491.25,0.0,20491.25,17818.5,2672.75
T51904,C10804,P1242,2025-07-07,13,0.0,Paid,Online,14202.24,0.0,14202.24,12349.74,1852.5
T51905,C10730,P1121,2026-04-04,17,0.05,Pending,Partner,23012.73,1150.64,21862.09,20011.04,1851.05
T51906,C10607,P1238,2025-06-18,27,0.0,Pending,Online,33679.26,0.0,33679.26,29286.36,4392.9
T51907,C10833,P1254,2025-04-25,4,0.2,Paid,Direct,7615.04,1523.01,6092.03,3908.32,2183.71
T51908,C10069,P1084,2025-03-03,28,0.02,Paid,Direct,29461.04,589.22,28871.82,20881.56,7990.26
T51909,C10687,P1240,2025-08-04,21,0.0,Paid,Direct,8445.99,0.0,8445.99,7344.33,1101.66
T51910,C10752,P1059,2025-11-22,19,0.15,Paid,Partner,38580.26,5787.04,32793.22,21374.81,11418.41
T51911,C10200,P1108,2026-03-29,13,0.02,Paid,Online,11882.52,237.65,11644.87,4671.03,6973.84
T51912,C10536,P1273,2026-05-08,21,0.05,Paid,Direct,34369.23,1718.46,32650.77,2961.84,29688.93
T51913,C10766,P1344,2025-11-02,6,0.05,Refunded,Direct,6944.34,347.22,6597.12,6038.58,558.54
T51914,C10603,P1022,2025-08-26,9,0.15,Paid,Direct,10965.96,1644.89,9321.07,9535.59,-214.52
T51915,C10249,P1227,2025-04-12,28,0.0,Paid,Partner,30752.68,0.0,30752.68,26741.4,4011.28
T51916,C10664,P1199,2026-06-15,8,0.0,Paid,Online,2889.28,0.0,2889.28,2052.24,837.04
T51917,C10759,P1212,2025-08-18,21,0.2,Paid,Direct,27659.94,5531.99,22127.95,24052.14,-1924.19
T51918,C10009,P1275,2026-03-20,27,0.0,Paid,Partner,44930.43,0.0,44930.43,3440.61,41489.82
T51919,C10567,P1024,2025-12-30,18,0.05,Paid,Direct,18706.5,935.32,17771.18,7696.08,10075.1
T51920,C10504,P1258,2026-06-25,9,0.05,Paid,Online,12483.18,624.16,11859.02,9166.86,2692.16
T51921,C10366,P1097,2026-07-19,25,0.05,Paid,Partner,54259.0,2712.95,51546.05,3494.75,48051.3
T51922,C10044,P1054,2026-02-14,24,0.1,Paid,Direct,20357.04,2035.7,18321.34,4766.64,13554.7
T51923,C10083,P1156,2026-01-19,16,0.2,Paid,Partner,9024.96,1804.99,7219.97,4907.04,2312.93
T51924,C10750,P1009,2025-03-21,4,0.0,Paid,Partner,4345.4,0.0,4345.4,3778.6,566.8
T51925,C10827,P1220,2025-01-10,13,0.05,Paid,Online,14995.24,749.76,14245.48,7654.92,6590.56
T51926,C10419,P1197,2025-11-13,13,0.05,Paid,Partner,7294.04,364.7,6929.34,6342.7,586.64
T51927,C10939,P1179,2026-02-13,6,0.0,Pending,Direct,4383.96,0.0,4383.96,3611.4,772.56
T51928,C10927,P1010,2026-03-09,12,0.15,Paid,Partner,11330.64,1699.6,9631.04,9852.72,-221.68
T51929,C10665,P1267,2025-05-26,5,0.02,Paid,Partner,5191.0,103.82,5087.18,4513.9,573.28
T51930,C10580,P1012,2025-10-19,21,0.0,Paid,Direct,10199.49,0.0,10199.49,3901.8,6297.69
T51931,C10964,P1091,2026-05-16,13,0.1,Paid,Online,21937.11,2193.71,19743.4,5185.57,14557.83
T51932,C10609,P1138,2025-02-25,22,0.15,Failed,Direct,12437.7,1865.66,10572.04,10815.42,-243.38
T51933,C10934,P1245,2025-08-11,14,0.0,Paid,Online,13121.78,0.0,13121.78,11410.28,1711.5
T51934,C10978,P1142,2026-07-02,21,0.1,Paid,Direct,46145.82,4614.58,41531.24,17808.63,23722.61
T51935,C10194,P1285,2025-04-26,22,0.0,Paid,Direct,18243.72,0.0,18243.72,15864.2,2379.52
T51936,C10660,P1327,2025-07-03,5,0.0,Paid,Direct,9554.55,0.0,9554.55,5557.9,3996.65
T51937,C10731,P1267,2025-09-29,13,0.0,Pending,Partner,13496.6,0.0,13496.6,11736.14,1760.46
T51938,C10820,P1013,2026-02-04,22,0.1,Failed,Online,23184.92,2318.49,20866.43,20160.8,705.63
T51939,C10349,P1269,2025-05-29,18,0.0,Paid,Direct,7933.32,0.0,7933.32,6898.5,1034.82
T51940,C10861,P1072,2026-04-05,7,0.0,Paid,Direct,10144.61,0.0,10144.61,3794.56,6350.05
T51941,C10487,P1310,2025-05-17,25,0.05,Paid,Online,32805.5,1640.28,31165.22,13715.25,17449.97
T51942,C10386,P1342,2025-08-02,6,0.02,Paid,Partner,10716.6,214.33,10502.27,5470.92,5031.35
T51943,C10156,P1029,2025-11-29,29,0.0,Paid,Direct,7004.37,0.0,7004.37,2772.69,4231.68
T51944,C10321,P1034,2025-01-08,21,0.0,Failed,Online,24386.04,0.0,24386.04,13588.89,10797.15
T51945,C10974,P1244,2026-03-22,10,0.1,Paid,Direct,14213.1,1421.31,12791.79,10999.1,1792.69
T51946,C10716,P1050,2026-01-23,6,0.05,Paid,Direct,7698.96,384.95,7314.01,6694.74,619.27
T51947,C10726,P1339,2026-04-30,27,0.1,Paid,Direct,14103.72,1410.37,12693.35,12264.21,429.14
T51948,C10895,P1189,2025-06-09,16,0.0,Refunded,Partner,28232.96,0.0,28232.96,13068.96,15164.0
T51949,C10266,P1200,2025-08-19,24,0.02,Failed,Direct,6776.4,135.53,6640.87,5892.48,748.39
T51950,C10661,P1301,2026-06-06,25,0.1,Paid,Online,34280.25,3428.02,30852.23,13981.25,16870.98
T51951,C10371,P1076,2025-02-08,2,0.0,Paid,Direct,3421.88,0.0,3421.88,2103.18,1318.7
T51952,C10847,P1194,2025-10-12,20,0.0,Pending,Online,42169.4,0.0,42169.4,21723.4,20446.0
T51953,C10422,P1349,2025-10-08,10,0.02,Paid,Direct,16245.9,324.92,15920.98,2140.3,13780.68
T51954,C10854,P1007,2025-09-17,27,0.0,Failed,Direct,25517.16,0.0,25517.16,17850.24,7666.92
T51955,C10747,P1061,2025-09-09,7,0.0,Failed,Direct,4857.93,0.0,4857.93,4224.29,633.64
T51956,C10771,P1051,2026-03-10,1,0.2,Paid,Direct,2014.58,402.92,1611.66,107.84,1503.82
T51957,C10925,P1117,2025-04-25,20,0.02,Paid,Direct,25663.8,513.28,25150.52,22316.4,2834.12
T51958,C10790,P1045,2026-06-01,17,0.05,Paid,Online,14345.28,717.26,13628.02,7090.02,6538.0
T51959,C10321,P1060,2026-06-04,17,0.0,Refunded,Partner,24534.57,0.0,24534.57,16674.96,7859.61
T51960,C10521,P1298,2025-04-15,8,0.05,Paid,Partner,12083.36,604.17,11479.19,1841.52,9637.67
T51961,C10472,P1162,2026-07-20,15,0.05,Pending,Direct,31745.7,1587.28,30158.42,13392.0,16766.42
T51962,C10064,P1125,2025-06-01,28,0.15,Paid,Online,30669.8,4600.47,26069.33,26669.44,-600.11
T51963,C10593,P1146,2025-01-31,23,0.02,Refunded,Direct,30555.27,611.11,29944.16,14228.26,15715.9
T51964,C10437,P1339,2025-08-19,29,0.1,Paid,Partner,15148.44,1514.84,13633.6,13172.67,460.93
T51965,C10393,P1171,2026-04-07,10,0.0,Paid,Partner,16717.5,0.0,16717.5,11395.5,5322.0
T51966,C10109,P1164,2026-05-05,26,0.05,Paid,Direct,33734.74,1686.74,32048.0,29334.5,2713.5
T51967,C10504,P1324,2026-01-10,12,0.15,Paid,Direct,25454.16,3818.12,21636.04,7851.24,13784.8
T51968,C10579,P1013,2026-04-16,28,0.05,Paid,Online,29508.08,1475.4,28032.68,25659.2,2373.48
T51969,C10105,P1167,2025-06-01,26,0.05,Failed,Direct,29212.04,1460.6,27751.44,25401.74,2349.7
T51970,C10634,P1261,2026-05-25,5,0.15,Paid,Partner,9084.9,1362.74,7722.16,1099.55,6622.61
T51971,C10167,P1180,2026-01-04,29,0.15,Failed,Online,37730.45,5659.57,32070.88,19295.15,12775.73
T51972,C10145,P1303,2025-03-19,18,-0.05,Paid,Direct,34946.46,0.0,34946.46,14234.04,20712.42
T51973,C10401,P1310,2025-03-16,23,0.0,Paid,Direct,30181.06,0.0,30181.06,12618.03,17563.03
T51974,C10389,P1117,2025-06-05,17,0.05,Failed,Direct,21814.23,1090.71,20723.52,18968.94,1754.58
T51975,C10914,P1286,2025-02-10,7,0.2,Paid,Partner,1952.51,390.5,1562.01,1697.85,-135.84
T51976,C10067,P1085,2025-06-13,29,0.02,Pending,Direct,37231.94,744.64,36487.3,7067.59,29419.71
T51977,C10349,P1083,2026-07-31,4,0.0,Refunded,Direct,6605.8,0.0,6605.8,618.2,5987.6
T51978,C10734,P1342,2025-05-20,24,0.02,Paid,Direct,42866.4,857.33,42009.07,21883.68,20125.39
T51979,C10249,P1004,2026-01-05,7,0.0,Paid,Online,7393.47,0.0,7393.47,6429.08,964.39
T51980,C10981,P1123,2026-07-21,23,0.0,Paid,Online,35384.12,0.0,35384.12,21919.23,13464.89
T51981,C10742,P1220,2025-05-27,13,0.0,Paid,Partner,14995.24,0.0,14995.24,7654.92,7340.32
T51982,C10946,P1144,2026-02-08,7,0.0,Paid,Online,9198.91,0.0,9198.91,7999.04,1199.87
T51983,C10949,P1295,2025-09-19,7,0.05,Pending,Partner,4286.8,214.34,4072.46,3727.64,344.82
T51984,C10109,P1088,2025-06-15,10,0.0,Paid,Online,21683.9,0.0,21683.9,2411.4,19272.5
T51985,C10459,P1193,2026-07-06,27,0.0,Paid,Direct,40189.23,0.0,40189.23,12249.09,27940.14
T51986,C10744,P1043,2026-01-16,23,0.02,Failed,Direct,29594.1,591.88,29002.22,25734.01,3268.21
T51987,C10008,P1073,2025-09-12,20,0.0,Paid,Online,43254.0,0.0,43254.0,9981.8,33272.2
T51988,C10452,P1060,2026-04-17,19,0.02,Failed,Direct,27420.99,548.42,26872.57,18636.72,8235.85
T51989,C10688,P1259,2026-06-07,13,0.0,Paid,Direct,28190.89,0.0,28190.89,1624.61,26566.28
T51990,C10792,P1070,2026-03-30,27,0.0,Paid,Partner,32660.55,0.0,32660.55,28400.49,4260.06
T51991,C10415,P1234,2026-05-19,8,0.05,Paid,Partner,11030.8,551.54,10479.26,9592.0,887.26
T51992,C10863,P1120,2025-07-06,28,0.0,Paid,Direct,53456.48,0.0,53456.48,30547.16,22909.32
T51993,C10673,P1197,2025-07-19,12,0.0,Paid,Direct,6732.96,0.0,6732.96,5854.8,878.16
T51994,C10045,P1305,2025-05-15,10,0.0,Paid,Direct,14020.8,0.0,14020.8,5378.4,8642.4
T51995,C10277,P1302,2026-02-08,14,0.0,Pending,Direct,12305.44,0.0,12305.44,10700.34,1605.1
T51996,C10937,P1003,2026-04-11,22,0.0,Paid,Direct,38122.04,0.0,38122.04,23730.96,14391.08
T51997,C10002,P1274,2026-01-19,21,0.0,Paid,Direct,33633.39,0.0,33633.39,16175.67,17457.72
T51998,C10108,P1334,2025-12-14,23,0.0,Paid,Partner,27827.47,0.0,27827.47,4824.48,23002.99
T51999,C10344,P1233,2026-03-24,3,0.0,Paid,Direct,748.71,0.0,748.71,597.57,151.14
T52000,C10993,P1065,2025-04-16,5,0.15,Paid,Direct,10256.45,1538.47,8717.98,5044.8,3673.18
T52001,C10704,P1232,2025-08-01,25,0.0,Paid,Partner,51432.25,0.0,51432.25,25433.0,25999.25
T52002,C10147,P1222,2026-02-15,29,0.0,Pending,Direct,29992.38,0.0,29992.38,11913.2,18079.18
T52003,C10393,P1231,2025-01-31,4,0.02,Failed,Direct,3312.04,66.24,3245.8,1591.92,1653.88
T52004,C10939,P1150,2026-06-13,27,0.0,Pending,Direct,25767.72,0.0,25767.72,21894.3,3873.42
T52005,C10219,P1183,2025-04-10,8,0.1,Paid,Partner,8389.52,838.95,7550.57,5049.68,2500.89
T52006,C10575,P1228,2026-04-02,29,0.0,Paid,Direct,32877.88,0.0,32877.88,5911.94,26965.94
T52007,C10464,P1162,2025-12-24,29,0.02,Paid,Direct,61375.02,1227.5,60147.52,25891.2,34256.32
T52008,C10760,P1270,2026-05-07,19,0.15,Paid,Partner,19120.65,2868.1,16252.55,16626.71,-374.16
T52009,C10752,P1248,2026-03-26,6,0.0,Paid,Partner,11348.04,0.0,11348.04,827.16,10520.88
T52010,C10833,P1106,2025-10-27,23,0.0,Failed,Partner,42234.9,0.0,42234.9,6515.44,35719.46
T52011,C10119,P1213,2026-03-15,3,0.05,Paid,Online,2873.88,143.69,2730.19,638.1,2092.09
T52012,C10453,P1264,2025-07-20,10,0.2,Paid,Partner,13815.0,2763.0,11052.0,7856.1,3195.9
T52013,C10691,P1171,2025-12-05,19,0.02,Paid,Direct,31763.25,635.26,31127.99,21651.45,9476.54
T52014,C10418,P1250,2026-06-15,2,0.05,Failed,Direct,3798.82,189.94,3608.88,1955.32,1653.56
T52015,C10667,P1044,2025-02-19,12,0.0,Paid,Direct,15072.36,0.0,15072.36,6303.48,8768.88
T52016,C10635,P1135,2025-07-26,24,0.05,Pending,Direct,17121.36,856.07,16265.29,14765.28,1500.01
T52017,C10370,P1245,2025-01-11,3,0.0,Paid,Direct,2811.81,0.0,2811.81,2445.06,366.75
T52018,C10100,P1313,2025-11-06,11,0.05,Paid,Direct,11104.61,555.23,10549.38,7932.65,2616.73
T52019,C10970,P1226,2026-03-30,1,0.0,Pending,Partner,1274.95,0.0,1274.95,1108.65,166.3
T52020,C10825,P1232,2025-01-23,20,0.02,Paid,Partner,41145.8,822.92,40322.88,20346.4,19976.48
T52021,C10894,P1119,2025-11-15,3,0.0,Paid,Direct,4274.67,0.0,4274.67,3074.4,1200.27
T52022,C10299,P1245,2025-08-29,9,0.05,Paid,Direct,8435.43,421.77,8013.66,7335.18,678.48
T52023,C10316,P1124,2026-03-30,16,0.05,Paid,Direct,14712.32,735.62,13976.7,12793.28,1183.42
T52024,C10323,P1018,2025-05-08,7,0.1,Paid,Direct,15261.12,1526.11,13735.01,7075.95,6659.06
T52025,C10031,P1086,2025-04-05,7,0.2,Pending,Direct,10436.37,2087.27,8349.1,7025.34,1323.76
T52026,C10169,P1213,2025-02-24,25,0.02,Pending,Direct,23949.0,478.98,23470.02,5317.5,18152.52
T52027,C10308,P1336,2025-08-25,23,0.05,Paid,Direct,37923.09,1896.15,36026.94,23529.69,12497.25
T52028,C10987,P1173,2025-10-10,3,0.0,Paid,Online,4468.65,0.0,4468.65,2222.67,2245.98
T52029,C10204,P1301,2026-06-18,25,0.15,Paid,Direct,34280.25,5142.04,29138.21,13981.25,15156.96
T52030,C10507,P1272,2025-09-28,14,0.05,Paid,Partner,12315.38,615.77,11699.61,10709.02,990.59
T52031,C10547,P1196,2025-04-10,5,0.02,Paid,Direct,5187.95,103.76,5084.19,1915.0,3169.19
T52032,C10359,P1281,2026-02-10,27,0.02,Paid,Direct,42412.95,848.26,41564.69,31796.01,9768.68
T52033,C10918,P1140,2025-02-05,10,0.1,Failed,Direct,16211.6,1621.16,14590.44,4468.0,10122.44
T52034,C10093,P1154,2025-07-20,10,0.1,Paid,Online,8990.3,899.03,8091.27,4027.3,4063.97
T52035,C10870,P1257,2026-01-15,5,0.1,Paid,Direct,5408.2,540.82,4867.38,4309.5,557.88
T52036,C10743,P1223,2025-05-28,26,0.02,Failed,Direct,45504.94,910.1,44594.84,15432.82,29162.02
T52037,C10305,P1184,2025-12-11,9,0.02,Paid,Online,10136.97,202.74,9934.23,6763.86,3170.37
T52038,C10767,P1151,2025-09-20,18,0.15,Paid,Direct,36474.48,5471.17,31003.31,17656.56,13346.75
T52039,C10428,P1341,2026-07-07,7,0.05,Paid,Direct,13470.94,673.55,12797.39,3020.92,9776.47
T52040,C10970,P1022,2025-06-16,26,0.02,Paid,Partner,31679.44,633.59,31045.85,27547.26,3498.59
T52041,C10036,P1019,2026-06-10,23,0.05,Paid,Direct,10126.21,506.31,9619.9,5788.64,3831.26
T52042,C10029,P1167,2025-12-30,15,0.05,Paid,Online,16853.1,842.66,16010.44,14654.85,1355.59
T52043,C10544,P1012,2026-03-11,11,0.05,Paid,Direct,5342.59,267.13,5075.46,2043.8,3031.66
T52044,C10931,P1119,2025-04-08,19,0.05,Paid,Partner,27072.91,1353.65,25719.26,19471.2,6248.06
T52045,C10063,P1199,2025-01-12,15,0.15,Paid,Direct,5417.4,812.61,4604.79,3847.95,756.84
T52046,C10777,P1141,2026-02-28,28,0.1,Paid,Partner,50546.44,5054.64,45491.8,14140.0,31351.8
T52047,C10938,P1071,2025-10-06,20,0.02,Paid,Partner,31824.4,636.49,31187.91,15109.6,16078.31
T52048,C10486,P1099,2025-06-29,1,0.0,Paid,Partner,2154.73,0.0,2154.73,842.4,1312.33
T52049,C10866,P1211,2026-06-04,24,0.05,Paid,Online,24395.28,1219.76,23175.52,21213.36,1962.16
T52050,C10756,P1332,2025-07-09,6,0.05,Paid,Partner,11703.9,585.2,11118.7,6107.22,5011.48
T52051,C10214,P1273,2025-09-09,9,0.02,Paid,Direct,14729.67,294.59,14435.08,1269.36,13165.72
T52052,C10854,P1191,2026-02-25,13,0.15,Paid,Direct,16931.85,2539.78,14392.07,12314.12,2077.95
T52053,C10699,P1048,2026-07-13,7,0.0,Paid,Direct,12079.83,0.0,12079.83,8052.1,4027.73
T52054,C10012,P1084,2026-06-06,28,0.0,Paid,Direct,29461.04,0.0,29461.04,20881.56,8579.48
T52055,C10568,P1154,2026-01-14,29,0.1,Pending,Direct,26071.87,2607.19,23464.68,11679.17,11785.51
T52056,C10654,P1086,2025-03-06,5,0.15,Paid,Partner,7454.55,1118.18,6336.37,5018.1,1318.27
T52057,C10801,P1241,2025-03-05,10,0.02,Paid,Partner,5360.6,107.21,5253.39,2401.8,2851.59
T52058,C10771,P1128,2026-02-06,11,0.0,Paid,Online,8297.52,0.0,8297.52,7215.23,1082.29
T52059,C10475,P1291,2025-10-23,20,0.02,Paid,Direct,39095.6,781.91,38313.69,16142.8,22170.89
T52060,C10298,P1094,2025-03-19,18,0.02,Paid,Partner,4210.92,84.22,4126.7,1866.42,2260.28
T52061,C10191,P1173,2026-02-08,20,0.02,Paid,Partner,29791.0,595.82,29195.18,14817.8,14377.38
T52062,C10089,P1250,2026-07-01,1,0.0,Paid,Online,1899.41,0.0,1899.41,977.66,921.75
T52063,C10639,P1072,2025-02-07,15,0.0,Refunded,Partner,21738.45,0.0,21738.45,8131.2,13607.25
T52064,C10959,P1266,2026-04-24,7,0.05,Paid,Direct,6991.25,349.56,6641.69,1776.88,4864.81
T52065,C10080,P1205,2025-07-19,7,0.05,Pending,Direct,5629.75,281.49,5348.26,4895.45,452.81
T52066,C10702,P1226,2025-08-19,23,0.05,Paid,Online,29323.85,1466.19,27857.66,25498.95,2358.71
T52067,C10584,P1159,2026-02-20,5,0.02,Paid,Partner,7254.05,145.08,7108.97,1139.8,5969.17
T52068,C10171,P1327,2025-05-24,1,0.0,Paid,Partner,1910.91,0.0,1910.91,1111.58,799.33
T52069,C10212,P1270,2025-04-02,15,0.02,Paid,Partner,15095.25,301.91,14793.34,13126.35,1666.99
T52070,C10284,P1067,2026-07-14,22,0.2,Paid,Partner,17169.9,3433.98,13735.92,7492.32,6243.6
T52071,C10684,P1194,2025-07-22,15,0.02,Paid,Partner,31627.05,632.54,30994.51,16292.55,14701.96
T52072,C10298,P1316,2025-04-09,5,0.05,Paid,Online,8909.3,445.46,8463.84,4028.5,4435.34
T52073,C10828,P1097,2026-02-05,23,0.02,Paid,Online,49918.28,998.37,48919.91,3215.17,45704.74
T52074,C10369,P1187,2025-05-06,12,0.15,Paid,Direct,21840.12,3276.02,18564.1,2533.92,16030.18
T52075,C10109,P1264,2026-03-26,21,0.02,Paid,Direct,29011.5,580.23,28431.27,16497.81,11933.46
T52076,C10095,P1095,2025-02-10,6,0.02,Paid,Direct,10461.3,209.23,10252.07,852.24,9399.83
T52077,C10400,P1181,2025-10-28,27,0.1,Pending,Direct,47885.85,4788.58,43097.27,25260.93,17836.34
T52078,C10407,P1193,2025-08-22,9,0.0,Paid,Partner,13396.41,0.0,13396.41,4083.03,9313.38
T52079,C10733,P1062,2026-07-09,29,0.05,Refunded,Partner,31980.62,1599.03,30381.59,27809.26,2572.33
T52080,C10478,P1062,2025-10-30,11,0.02,Paid,Direct,12130.58,242.61,11887.97,10548.34,1339.63
T52081,C10163,P1197,2026-06-21,22,0.2,Paid,Direct,12343.76,2468.75,9875.01,10733.8,-858.79
T52082,C10213,P1062,2025-05-25,15,0.05,Paid,Direct,16541.7,827.08,15714.62,14384.1,1330.52
T52083,C10566,P1331,2025-10-02,3,0.0,Paid,Partner,4960.98,0.0,4960.98,1296.54,3664.44
T52084,C10334,P1183,2026-04-18,3,0.1,Paid,Partner,3146.07,314.61,2831.46,1893.63,937.83
T52085,C10671,P1246,2025-04-03,12,0.05,Paid,Direct,15802.56,790.13,15012.43,1446.0,13566.43
T52086,C10923,P1138,2026-06-23,6,0.05,Paid,Direct,3392.1,169.6,3222.5,2949.66,272.84
T52087,C10354,P1104,2026-03-25,18,0.0,Paid,Partner,32295.96,0.0,32295.96,18598.86,13697.1
T52088,C10551,P1170,2026-01-28,5,0.0,Paid,Direct,6177.8,0.0,6177.8,4852.65,1325.15
T52089,C10831,P1248,2025-05-22,18,0.05,Paid,Partner,34044.12,1702.21,32341.91,2481.48,29860.43
T52090,C10210,P1139,2026-04-20,6,0.02,Paid,Online,5105.7,102.11,5003.59,2942.16,2061.43
T52091,C10510,P1098,2026-05-04,6,0.1,Failed,Direct,6619.2,661.92,5957.28,4452.48,1504.8
T52092,C10305,P1050,2025-06-19,11,0.0,Paid,Direct,14114.76,0.0,14114.76,12273.69,1841.07
T52093,C10626,P1189,2025-12-07,17,0.05,Paid,Direct,29997.52,1499.88,28497.64,13885.77,14611.87
T52094,C10743,P1237,2025-02-05,12,0.0,Paid,Direct,2965.44,0.0,2965.44,2175.48,789.96
T52095,C10140,P1184,2025-08-17,11,0.05,Paid,Direct,12389.63,619.48,11770.15,8266.94,3503.21
T52096,C10187,P1089,2025-03-29,10,0.0,Failed,Direct,12782.1,0.0,12782.1,11114.9,1667.2
T52097,C10023,P1086,2025-11-19,10,0.02,Paid,Direct,14909.1,298.18,14610.92,10036.2,4574.72
T52098,C10012,P1131,2025-11-15,12,0.0,Paid,Partner,22792.32,0.0,22792.32,6135.6,16656.72
T52099,C10050,P1121,2025-11-06,25,0.05,Paid,Direct,33842.25,1692.11,32150.14,29428.0,2722.14
T52100,C10706,P1071,2026-01-28,17,0.0,Paid,Partner,27050.74,0.0,27050.74,12843.16,14207.58
T52101,C10903,P1329,2026-06-21,13,0.1,Paid,Direct,9907.56,990.76,8916.8,8615.23,301.57
T52102,C10409,P1115,2025-04-25,22,0.0,Paid,Direct,36648.26,0.0,36648.26,22296.34,14351.92
T52103,C10882,P1087,2025-05-05,16,0.05,Paid,Direct,34209.92,1710.5,32499.42,6841.12,25658.3
T52104,C10729,P1212,2025-05-05,28,0.05,Paid,Direct,36879.92,1844.0,35035.92,32069.52,2966.4
T52105,C10807,P1280,2026-06-23,17,0.0,Failed,Direct,7558.54,0.0,7558.54,4854.52,2704.02
T52106,C10739,P1162,2025-02-23,7,0.0,Paid,Partner,14814.66,0.0,14814.66,6249.6,8565.06
T52107,C10199,P1233,2025-01-19,17,0.0,Paid,Online,4242.69,0.0,4242.69,3386.23,856.46
T52108,C10523,P1033,2025-04-04,23,0.05,Paid,Direct,31100.83,1555.04,29545.79,4978.35,24567.44
T52109,C10525,P1186,2026-03-23,7,0.2,Paid,Direct,10730.44,2146.09,8584.35,1498.7,7085.65
T52110,C10641,P1023,2025-12-03,6,0.0,Paid,Direct,10190.58,0.0,10190.58,1800.06,8390.52
T52111,C10796,P1048,2026-06-18,18,0.05,Paid,Partner,31062.42,1553.12,29509.3,20705.4,8803.9
T52112,C10112,P1207,2025-04-29,26,0.05,Paid,Direct,28522.78,1426.14,27096.64,24802.44,2294.2
T52113,C10674,P1071,2025-08-17,10,0.05,Paid,Direct,15912.2,795.61,15116.59,7554.8,7561.79
T52114,C10833,P1012,2025-11-19,15,0.02,Paid,Online,7285.35,145.71,7139.64,2787.0,4352.64
T52115,C10115,P1062,2025-02-12,19,0.2,Paid,Online,20952.82,4190.56,16762.26,18219.86,-1457.6
T52116,C10414,P1270,2026-06-17,20,0.02,Paid,Partner,20127.0,402.54,19724.46,17501.8,2222.66
T52117,C10895,P1205,2026-04-12,5,0.1,Paid,Direct,4021.25,402.12,3619.13,3496.75,122.38
T52118,C10024,P1133,2025-03-25,12,0.0,Paid,Direct,16321.92,0.0,16321.92,4541.28,11780.64
T52119,C10160,P1340,2026-05-04,29,0.1,Refunded,Direct,58091.35,5809.14,52282.21,7938.75,44343.46
T52120,C10803,P1135,2025-09-18,26,0.2,Paid,Partner,18548.14,3709.63,14838.51,15995.72,-1157.21
T52121,C10171,P1307,2025-07-15,23,0.15,Paid,Partner,22129.22,3319.38,18809.84,16994.7,1815.14
T52122,C10701,P1120,2026-07-03,1,0.0,Failed,Direct,1909.16,0.0,1909.16,1090.97,818.19
T52123,C10901,P1008,2025-10-28,13,0.1,Paid,Online,19029.66,1902.97,17126.69,5639.92,11486.77
T52124,C10498,P1038,2025-05-12,2,0.0,Failed,Direct,2914.12,0.0,2914.12,1961.24,952.88
T52125,C10484,P1095,2026-04-15,9,0.05,Refunded,Partner,15691.95,784.6,14907.35,1278.36,13628.99
T52126,C10428,P1065,2026-02-20,26,0.0,Pending,Direct,53333.54,0.0,53333.54,26232.96,27100.58
T52127,C10372,P1055,2025-04-22,12,0.05,Refunded,Direct,14070.84,703.54,13367.3,2846.16,10521.14
T52128,C10380,P1134,2026-01-28,5,0.02,Paid,Direct,4818.65,96.37,4722.28,1182.7,3539.58
T52129,C10553,P1341,2025-12-31,21,0.0,Paid,Partner,40412.82,0.0,40412.82,9062.76,31350.06
T52130,C10895,P1070,2025-06-09,23,0.0,Failed,Direct,27821.95,0.0,27821.95,24193.01,3628.94
T52131,C10981,P1082,2025-09-07,20,0.0,Pending,Direct,7678.2,0.0,7678.2,3958.2,3720.0
T52132,C10865,P1348,2026-05-02,24,0.02,Paid,Partner,22155.6,443.11,21712.49,18070.56,3641.93
T52133,C10119,P1070,2025-04-12,21,0.1,Paid,Partner,25402.65,2540.27,22862.38,22089.27,773.11
T52134,C10306,P1290,2026-02-23,19,0.05,Paid,Partner,37799.93,1890.0,35909.93,16411.25,19498.68
T52135,C10756,P1217,2026-04-28,26,0.1,Pending,Partner,49885.42,4988.54,44896.88,19210.1,25686.78
T52136,C10545,P1324,2026-06-28,10,0.1,Paid,Partner,21211.8,2121.18,19090.62,6542.7,12547.92
T52137,C10334,P1194,2025-07-08,14,0.02,Paid,Partner,29518.58,590.37,28928.21,15206.38,13721.83
T52138,C10311,P1207,2025-06-04,17,0.02,Paid,Direct,18649.51,372.99,18276.52,16216.98,2059.54
T52139,C10117,P1079,2026-06-26,20,0.02,Paid,Direct,42491.6,849.83,41641.77,6901.2,34740.57
T52140,C10332,P1201,2025-09-26,14,0.0,Failed,Direct,18168.22,0.0,18168.22,15798.44,2369.78
T52141,C10421,P1234,2025-11-26,13,0.05,Paid,Direct,17925.05,896.25,17028.8,15587.0,1441.8
T52142,C10415,P1345,2025-10-25,5,0.05,Paid,Direct,8371.9,418.6,7953.3,5196.65,2756.65
T52143,C10548,P1033,2025-10-26,19,0.05,Paid,Direct,25691.99,1284.6,24407.39,4112.55,20294.84
T52144,C10272,P1054,2025-12-29,4,0.05,Paid,,3392.84,169.64,3223.2,794.44,2428.76
T52145,C10205,P1006,2025-09-03,14,0.0,Paid,Partner,22345.12,0.0,22345.12,15129.24,7215.88
T52146,C10887,P1276,2025-08-16,12,0.1,Paid,Partner,14769.36,1476.94,13292.42,12842.88,449.54
T52147,C10405,P1028,2025-08-21,23,0.0,Paid,Partner,46219.88,0.0,46219.88,5546.91,40672.97
T52148,C10254,P1320,2026-01-16,14,0.15,Failed,Online,27633.2,4144.98,23488.22,9730.56,13757.66
T52149,C10635,P1127,2026-04-20,1,0.0,Paid,Direct,1526.81,0.0,1526.81,680.4,846.41
T52150,C10542,P1100,2025-11-18,15,0.02,Paid,Direct,14905.95,298.12,14607.83,7813.05,6794.78
T52151,C10576,P1341,2026-01-28,7,0.02,Paid,Direct,13470.94,269.42,13201.52,3020.92,10180.6
T52152,C10221,P1252,2025-08-28,12,0.0,Refunded,Direct,14232.48,0.0,14232.48,12376.08,1856.4
T52153,C10723,P1191,2026-03-25,9,0.02,Paid,Direct,11722.05,234.44,11487.61,8525.16,2962.45
T52154,C10192,P1311,2025-08-17,5,0.0,Paid,Online,8523.85,0.0,8523.85,3055.15,5468.7
T52155,C10836,P1264,2025-09-02,28,0.05,Failed,Direct,38682.0,1934.1,36747.9,21997.08,14750.82
T52156,C10424,P1223,2025-02-02,8,0.15,Pending,Direct,14001.52,2100.23,11901.29,4748.56,7152.73
T52157,C10409,P1112,2025-06-01,15,0.0,Paid,Direct,24182.7,0.0,24182.7,7476.75,16705.95
T52158,C10388,P1345,2026-03-05,25,0.02,Paid,Direct,41859.5,837.19,41022.31,25983.25,15039.06
T52159,C10422,P1251,2025-02-20,11,0.1,Paid,Partner,15611.09,1561.11,14049.98,3818.98,10231.0
T52160,C10665,P1330,2025-05-10,28,0.02,Paid,Partner,31422.44,628.45,30793.99,27323.8,3470.19
T52161,C10496,P1338,2026-03-27,12,0.1,Paid,Partner,15820.32,1582.03,14238.29,4731.36,9506.93
T52162,C10126,P1192,2026-05-22,28,0.02,Paid,Partner,26783.4,535.67,26247.73,23289.84,2957.89
T52163,C10566,P1125,2025-08-29,14,0.02,Paid,Direct,15334.9,306.7,15028.2,13334.72,1693.48
T52164,C10267,P1331,2025-08-25,1,0.0,Paid,Direct,1653.66,0.0,1653.66,432.18,1221.48
T52165,C10108,P1349,2025-10-23,26,0.0,Failed,Partner,42239.34,0.0,42239.34,5564.78,36674.56
T52166,C10839,P1042,2026-03-23,26,0.05,Paid,Direct,6997.12,349.86,6647.26,5683.6,963.66
T52167,C10312,P1223,2025-09-30,28,0.1,Pending,Direct,49005.32,4900.53,44104.79,16619.96,27484.83
T52168,C10595,P1210,2025-04-11,4,0.0,Paid,Direct,6325.16,0.0,6325.16,4740.12,1585.04
T52169,C10171,P1262,2025-09-08,25,0.15,Paid,Partner,20068.0,3010.2,17057.8,16126.75,931.05
T52170,C10339,P1341,2025-05-28,10,0.02,Paid,Direct,19244.2,384.88,18859.32,4315.6,14543.72
T52171,C10385,P1088,2026-02-01,25,0.02,Paid,Online,54209.75,1084.2,53125.55,6028.5,47097.05
T52172,C10133,P1341,2025-03-24,28,0.15,Paid,Direct,53883.76,8082.56,45801.2,12083.68,33717.52
T52173,C10973,P1225,2025-12-20,6,0.15,Paid,Direct,4102.26,615.34,3486.92,2508.96,977.96
T52174,C10311,P1028,2025-03-17,11,0.02,Paid,Direct,22105.16,442.1,21663.06,2652.87,19010.19
T52175,C10582,P1178,2026-07-18,8,0.0,Paid,Direct,15538.72,0.0,15538.72,5768.96,9769.76
T52176,C10565,P1046,2026-01-07,9,0.0,Paid,Direct,16930.62,0.0,16930.62,5644.89,11285.73
T52177,C10429,P1334,2025-03-22,18,0.0,Paid,Partner,21778.02,0.0,21778.02,3775.68,18002.34
T52178,C10585,P1267,2026-07-11,12,0.1,Paid,Direct,12458.4,1245.84,11212.56,10833.36,379.2
T52179,C10565,P1316,2025-11-29,20,0.0,Paid,Direct,35637.2,0.0,35637.2,16114.0,19523.2
T52180,C10080,P1210,2025-12-18,20,0.05,Paid,Direct,31625.8,1581.29,30044.51,23700.6,6343.91
T52181,C10669,P1138,2025-02-06,6,0.0,Paid,Direct,3392.1,0.0,3392.1,2949.66,442.44
T52182,C10114,P1149,2025-04-19,2,0.02,Paid,Online,2740.38,54.81,2685.57,2060.78,624.79
T52183,C10434,P1331,2026-04-14,22,0.02,Pending,Direct,36380.52,727.61,35652.91,9507.96,26144.95
T52184,C10364,P1053,2025-09-29,6,0.02,Paid,Partner,11358.36,227.17,11131.19,4740.3,6390.89
T52185,C10447,P1309,2025-12-24,6,0.05,Paid,Direct,9826.98,491.35,9335.63,722.34,8613.29
T52186,C10071,P1147,2026-07-27,18,0.2,Paid,Direct,39510.72,7902.14,31608.58,8059.68,23548.9
T52187,C10701,P1206,2025-09-06,8,0.15,Paid,Partner,10382.0,1557.3,8824.7,9027.84,-203.14
T52188,C10418,P1233,2025-08-09,6,0.05,Paid,Direct,1497.42,74.87,1422.55,1195.14,227.41
T52189,C10060,P1028,2026-04-11,9,0.0,Paid,Online,18086.04,0.0,18086.04,2170.53,15915.51
T52190,C10003,P1052,2025-02-08,16,0.15,Paid,Direct,21657.6,3248.64,18408.96,11229.12,7179.84
T52191,C10540,P1056,2025-09-21,25,0.15,Refunded,Direct,30984.75,4647.71,26337.04,13735.25,12601.79
T52192,C10666,P1272,2026-05-11,29,0.15,Paid,Online,25510.43,3826.56,21683.87,22182.97,-499.1
T52193,C10547,P1026,2025-05-13,22,0.02,Paid,Direct,29561.84,591.24,28970.6,25705.9,3264.7
T52194,C10720,P1213,2025-06-26,27,0.0,Failed,Online,25864.92,0.0,25864.92,5742.9,20122.02
T52195,C10756,P1037,2025-10-02,16,0.1,Paid,Online,30069.76,3006.98,27062.78,4860.0,22202.78
T52196,C10871,P1268,2025-02-13,12,0.02,Paid,Direct,4087.68,81.75,4005.93,3554.52,451.41
T52197,C10982,P1341,2025-02-11,24,0.0,Paid,Direct,46186.08,0.0,46186.08,10357.44,35828.64
T52198,C10884,P1144,2025-05-26,9,0.02,Paid,Partner,11827.17,236.54,11590.63,10284.48,1306.15
T52199,C10795,P1074,2026-06-05,24,0.05,Refunded,Direct,34121.52,1706.08,32415.44,13367.76,19047.68
